Date,Lag Ret,Ret
2007-01-03,0.022196,-0.012258
2007-01-04,-0.007121,0.022196
2007-01-05,0.004938,-0.007121
2007-01-08,0.08307,0.004938
2007-01-09,0.047856,0.08307
2007-01-10,-0.012371,0.047856
2007-01-11,-0.012317,-0.012371
2007-01-12,0.02621,-0.012317
2007-01-16,-0.022142,0.02621
2007-01-17,-0.061927,-0.022142
2007-01-18,-0.006399,-0.061927
2007-01-19,-0.019322,-0.006399
2007-01-22,-0.012559,-0.019322
2007-01-23,0.011669,-0.012559
2007-01-24,-0.00519,0.011669
2007-01-25,-0.010087,-0.00519
2007-01-26,0.006559,-0.010087
2007-01-29,-0.004538,0.006559
2007-01-30,0.002104,-0.004538
2007-01-31,-0.011548,0.002104
2007-02-01,0.000118,-0.011548
2007-02-02,-0.009557,0.000118
2007-02-05,0.002502,-0.009557
2007-02-06,0.023767,0.002502
2007-02-07,0.000348,0.023767
2007-02-08,-0.033767,0.000348
2007-02-09,0.019335,-0.033767
2007-02-12,-0.002945,0.019335
2007-02-13,0.007917,-0.002945
2007-02-14,-0.001055,0.007917
2007-02-15,-0.00446,-0.001055
2007-02-16,0.012613,-0.00446
2007-02-20,0.038417,0.012613
2007-02-21,0.003475,0.038417
2007-02-22,-0.004916,0.003475
2007-02-23,-0.004715,-0.004916
2007-02-26,-0.053243,-0.004715
2007-02-27,0.008102,-0.053243
2007-02-28,0.028956,0.008102
2007-03-01,-0.018952,0.028956
2007-03-02,0.010653,-0.018952
2007-03-05,0.021665,0.010653
2007-03-06,-0.005329,0.021665
2007-03-07,0.003192,-0.005329
2007-03-08,-0.000341,0.003192
2007-03-09,0.021598,-0.000341
2007-03-12,-0.016357,0.021598
2007-03-13,0.0181,-0.016357
2007-03-14,-0.004778,0.0181
2007-03-15,0.000223,-0.004778
2007-03-16,0.017189,0.000223
2007-03-19,0.003841,0.017189
2007-03-20,0.026126,0.003841
2007-03-21,0.000959,0.026126
2007-03-22,-0.004683,0.000959
2007-03-23,0.024914,-0.004683
2007-03-26,-0.004069,0.024914
2007-03-27,-0.023256,-0.004069
2007-03-28,0.00547,-0.023256
2007-03-29,-0.00896,0.00547
2007-03-30,0.007965,-0.00896
2007-04-02,0.009076,0.007965
2007-04-03,-0.002434,0.009076
2007-04-04,0.004349,-0.002434
2007-04-05,-0.010879,0.004349
2007-04-09,0.006407,-0.010879
2007-04-10,-0.017613,0.006407
2007-04-11,-0.00432,-0.017613
2007-04-12,-0.021152,-0.00432
2007-04-13,0.013187,-0.021152
2007-04-16,-0.011812,0.013187
2007-04-17,0.000553,-0.011812
2007-04-18,-0.001438,0.000553
2007-04-19,0.007755,-0.001438
2007-04-20,0.027921,0.007755
2007-04-23,-0.002887,0.027921
2007-04-24,0.022608,-0.002887
2007-04-25,0.036624,0.022608
2007-04-26,0.010927,0.036624
2007-04-27,-0.001201,0.010927
2007-04-30,-0.003307,-0.001201
2007-05-01,0.009249,-0.003307
2007-05-02,0.0001,0.009249
2007-05-03,0.004084,0.0001
2007-05-04,0.03085,0.004084
2007-05-07,0.01097,0.03085
2007-05-08,0.017323,0.01097
2007-05-09,0.004304,0.017323
2007-05-10,0.013043,0.004304
2007-05-11,0.005702,0.013043
2007-05-14,-0.016825,0.005702
2007-05-15,-0.001674,-0.016825
2007-05-16,0.019564,-0.001674
2007-05-17,0.0053,0.019564
2007-05-18,0.017815,0.0053
2007-05-21,0.013931,0.017815
2007-05-22,-0.005725,0.013931
2007-05-23,-0.019488,-0.005725
2007-05-24,0.02647,-0.019488
2007-05-25,0.006425,0.02647
2007-05-29,0.038653,0.006425
2007-05-30,0.020384,0.038653
2007-05-31,-0.02303,0.020384
2007-06-01,0.024747,-0.02303
2007-06-04,0.011044,0.024747
2007-06-05,0.007907,0.011044
2007-06-06,0.00347,0.007907
2007-06-07,0.003393,0.00347
2007-06-08,-0.034541,0.003393
2007-06-11,0.001581,-0.034541
2007-06-12,-0.023924,0.001581
2007-06-13,0.010638,-0.023924
2007-06-14,0.014737,0.010638
2007-06-15,0.038091,0.014737
2007-06-18,-0.011432,0.038091
2007-06-19,-0.017063,-0.011432
2007-06-20,0.019334,-0.017063
2007-06-21,-0.007264,0.019334
2007-06-22,-0.005366,-0.007264
2007-06-25,-0.021988,-0.005366
2007-06-26,0.018721,-0.021988
2007-06-27,-0.010911,0.018721
2007-06-28,0.012276,-0.010911
2007-06-29,-0.006391,0.012276
2007-07-02,0.048738,-0.006391
2007-07-03,0.043878,0.048738
2007-07-05,-0.00339,0.043878
2007-07-06,-0.01489,-0.00339
2007-07-09,0.015498,-0.01489
2007-07-10,0.000302,0.015498
2007-07-11,0.012689,0.000302
2007-07-12,0.0273,0.012689
2007-07-13,0.002686,0.0273
2007-07-16,0.005865,0.002686
2007-07-17,-0.005686,0.005865
2007-07-18,0.013611,-0.005686
2007-07-19,0.026786,0.013611
2007-07-20,-0.000348,0.026786
2007-07-23,-0.061309,-0.000348
2007-07-24,0.017571,-0.061309
2007-07-25,0.063675,0.017571
2007-07-26,-0.014726,0.063675
2007-07-27,-0.016823,-0.014726
2007-07-30,-0.068373,-0.016823
2007-07-31,0.02459,-0.068373
2007-08-01,0.011037,0.02459
2007-08-02,-0.033996,0.011037
2007-08-03,0.025788,-0.033996
2007-08-06,-0.001626,0.025788
2007-08-07,-0.007555,-0.001626
2007-08-08,-0.056861,-0.007555
2007-08-09,-0.010998,-0.056861
2007-08-10,0.02232,-0.010998
2007-08-13,-0.029423,0.02232
2007-08-14,-0.033298,-0.029423
2007-08-15,-0.02377,-0.033298
2007-08-16,0.042802,-0.02377
2007-08-17,0.001311,0.042802
2007-08-20,0.043774,0.001311
2007-08-21,0.038724,0.043774
2007-08-22,-0.010867,0.038724
2007-08-23,0.032273,-0.010867
2007-08-24,-0.022543,0.032273
2007-08-27,-0.041059,-0.022543
2007-08-28,0.057247,-0.041059
2007-08-29,0.016184,0.057247
2007-08-30,0.016367,0.016184
2007-08-31,0.041017,0.016367
2007-09-04,-0.051332,0.041017
2007-09-05,-0.012796,-0.051332
2007-09-06,-0.023998,-0.012796
2007-09-07,0.03749,-0.023998
2007-09-10,-0.008924,0.03749
2007-09-11,0.010038,-0.008924
2007-09-12,0.002557,0.010038
2007-09-13,0.011735,0.002557
2007-09-14,-0.002882,0.011735
2007-09-17,0.018134,-0.002882
2007-09-18,-0.001065,0.018134
2007-09-19,-0.003267,-0.001065
2007-09-20,0.027368,-0.003267
2007-09-21,0.028651,0.027368
2007-09-24,0.033046,0.028651
2007-09-25,-0.002677,0.033046
2007-09-26,0.011324,-0.002677
2007-09-27,-0.006667,0.011324
2007-09-28,0.018694,-0.006667
2007-10-01,0.013503,0.018694
2007-10-02,-0.003344,0.013503
2007-10-03,-0.010639,-0.003344
2007-10-04,0.033345,-0.010639
2007-10-05,0.040013,0.033345
2007-10-08,-0.000298,0.040013
2007-10-09,-0.006374,-0.000298
2007-10-10,-0.02734,-0.006374
2007-10-11,0.030967,-0.02734
2007-10-12,-0.001636,0.030967
2007-10-15,0.015571,-0.001636
2007-10-16,0.018693,0.015571
2007-10-17,0.004342,0.018693
2007-10-18,-0.017752,0.004342
2007-10-19,0.023119,-0.017752
2007-10-22,0.067676,0.023119
2007-10-23,-0.001236,0.067676
2007-10-24,-0.016942,-0.001236
2007-10-25,0.010504,-0.016942
2007-10-26,0.002112,0.010504
2007-10-29,0.010319,0.002112
2007-10-30,0.015775,0.010319
2007-10-31,-0.013214,0.015775
2007-11-01,0.002294,-0.013214
2007-11-02,-0.008996,0.002294
2007-11-05,0.030132,-0.008996
2007-11-06,-0.028626,0.030132
2007-11-07,-0.058151,-0.028626
2007-11-08,-0.05754,-0.058151
2007-11-09,-0.070206,-0.05754
2007-11-12,0.105359,-0.070206
2007-11-13,-0.022652,0.105359
2007-11-14,-0.010896,-0.022652
2007-11-15,0.012721,-0.010896
2007-11-16,-0.014664,0.012721
2007-11-19,0.029887,-0.014664
2007-11-20,-0.00231,0.029887
2007-11-21,0.018283,-0.00231
2007-11-23,0.005841,0.018283
2007-11-26,0.013145,0.005841
2007-11-27,0.030948,0.013145
2007-11-28,0.022583,0.030948
2007-11-29,-0.011232,0.022583
2007-11-30,-0.018439,-0.011232
2007-12-03,0.005311,-0.018439
2007-12-04,0.031645,0.005311
2007-12-05,0.024004,0.031645
2007-12-06,0.022886,0.024004
2007-12-07,-0.000463,0.022886
2007-12-10,-0.029193,-0.000463
2007-12-11,0.012303,-0.029193
2007-12-12,0.005082,0.012303
2007-12-13,-0.007507,0.005082
2007-12-14,-0.031462,-0.007507
2007-12-17,-0.007701,-0.031462
2007-12-18,0.000765,-0.007701
2007-12-19,0.022335,0.000765
2007-12-20,0.035789,0.022335
2007-12-21,0.025218,0.035789
2007-12-24,0.000754,0.025218
2007-12-26,-0.00191,0.000754
2007-12-27,0.006345,-0.00191
2007-12-28,-0.008757,0.006345
2007-12-31,-0.016357,-0.008757
2008-01-02,0.000462,-0.016357
2008-01-03,-0.076335,0.000462
2008-01-04,-0.013385,-0.076335
2008-01-07,-0.035972,-0.013385
2008-01-08,0.047591,-0.035972
2008-01-09,-0.007692,0.047591
2008-01-10,-0.02994,-0.007692
2008-01-11,0.035265,-0.02994
2008-01-14,-0.05448,0.035265
2008-01-15,-0.055608,-0.05448
2008-01-16,0.00783,-0.055608
2008-01-17,0.002921,0.00783
2008-01-18,-0.035449,0.002921
2008-01-22,-0.106451,-0.035449
2008-01-23,-0.024965,-0.106451
2008-01-24,-0.041224,-0.024965
2008-01-25,0,-0.041224
2008-01-28,0.011768,0
2008-01-29,0.004865,0.011768
2008-01-30,0.024058,0.004865
2008-01-31,-0.011894,0.024058
2008-02-01,-0.015701,-0.011894
2008-02-04,-0.017395,-0.015701
2008-02-05,-0.056895,-0.017395
2008-02-06,-0.00623,-0.056895
2008-02-07,0.034972,-0.00623
2008-02-08,0.031638,0.034972
2008-02-11,-0.035458,0.031638
2008-02-12,0.036361,-0.035458
2008-02-13,-0.014992,0.036361
2008-02-14,-0.022203,-0.014992
2008-02-15,-0.019658,-0.022203
2008-02-19,0.013423,-0.019658
2008-02-20,-0.018414,0.013423
2008-02-21,-0.017114,-0.018414
2008-02-22,0.002344,-0.017114
2008-02-25,-0.004927,0.002344
2008-02-26,0.031976,-0.004927
2008-02-27,0.056522,0.031976
2008-02-28,-0.037641,0.056522
2008-02-29,-0.026316,-0.037641
2008-03-03,0.023741,-0.026316
2008-03-04,-0.001044,0.023741
2008-03-05,-0.028596,-0.001044
2008-03-06,0.010915,-0.028596
2008-03-07,-0.020941,0.010915
2008-03-10,0.063999,-0.020941
2008-03-11,-0.010366,0.063999
2008-03-12,0.015155,-0.010366
2008-03-13,-0.010396,0.015155
2008-03-14,0.000948,-0.010396
2008-03-17,0.048055,0.000948
2008-03-18,-0.023716,0.048055
2008-03-19,0.027763,-0.023716
2008-03-20,0.046972,0.027763
2008-03-24,0.010392,0.046972
2008-03-25,0.02894,0.010392
2008-03-26,-0.033159,0.02894
2008-03-27,0.019679,-0.033159
2008-03-28,0.003426,0.019679
2008-03-31,0.042022,0.003426
2008-04-01,-0.013643,0.042022
2008-04-02,0.027934,-0.013643
2008-04-03,0.009696,0.027934
2008-04-04,0.018356,0.009696
2008-04-07,-0.019565,0.018356
2008-04-08,-0.00916,-0.019565
2008-04-09,0.020536,-0.00916
2008-04-10,-0.047946,0.020536
2008-04-11,0.00435,-0.047946
2008-04-14,0.00406,0.00435
2008-04-15,0.035854,0.00406
2008-04-16,0.00514,0.035854
2008-04-17,0.042397,0.00514
2008-04-18,0.044213,0.042397
2008-04-21,-0.047336,0.044213
2008-04-22,0.016792,-0.047336
2008-04-23,0.037142,0.016792
2008-04-24,0.004676,0.037142
2008-04-25,0.014788,0.004676
2008-04-28,0.016314,0.014788
2008-04-29,-0.006284,0.016314
2008-04-30,0.03478,-0.006284
2008-05-01,0.005222,0.03478
2008-05-02,0.020946,0.005222
2008-05-05,0.010448,0.020946
2008-05-06,-0.021804,0.010448
2008-05-07,0.013528,-0.021804
2008-05-08,-0.0087,0.013528
2008-05-09,0.025675,-0.0087
2008-05-12,0.009566,0.025675
2008-05-13,-0.019478,0.009566
2008-05-14,0.01863,-0.019478
2008-05-15,-0.011121,0.01863
2008-05-16,-0.021427,-0.011121
2008-05-19,0.012527,-0.021427
2008-05-20,-0.041474,0.012527
2008-05-21,-0.006398,-0.041474
2008-05-22,0.02327,-0.006398
2008-05-23,0.029033,0.02327
2008-05-27,0.003111,0.029033
2008-05-28,-0.001711,0.003111
2008-05-29,0.011034,-0.001711
2008-05-30,-0.01404,0.011034
2008-06-02,-0.003923,-0.01404
2008-06-03,-0.000971,-0.003923
2008-06-04,0.022895,-0.000971
2008-06-05,-0.020007,0.022895
2008-06-06,-0.021709,-0.020007
2008-06-09,0.02219,-0.021709
2008-06-10,-0.026018,0.02219
2008-06-11,-0.041757,-0.026018
2008-06-12,-0.005137,-0.041757
2008-06-13,0.025933,-0.005137
2008-06-16,0.025956,0.025933
2008-06-17,-0.014771,0.025956
2008-06-18,0.012028,-0.014771
2008-06-19,-0.031122,0.012028
2008-06-20,-0.012039,-0.031122
2008-06-23,0.00052,-0.012039
2008-06-24,0.023896,0.00052
2008-06-25,-0.051469,0.023896
2008-06-26,0.010876,-0.051469
2008-06-27,-0.01558,0.010876
2008-06-30,0.043239,-0.01558
2008-07-01,-0.037211,0.043239
2008-07-02,0.011535,-0.037211
2008-07-03,0.029626,0.011535
2008-07-07,0.025063,0.029626
2008-07-08,-0.029518,0.025063
2008-07-09,0.013659,-0.029518
2008-07-10,-0.022929,0.013659
2008-07-11,0.007533,-0.022929
2008-07-14,-0.024385,0.007533
2008-07-15,0.018687,-0.024385
2008-07-16,-0.005787,0.018687
2008-07-17,-0.038764,-0.005787
2008-07-18,0.006903,-0.038764
2008-07-21,-0.025678,0.006903
2008-07-22,0.02617,-0.025678
2008-07-23,-0.043486,0.02617
2008-07-24,0.01943,-0.043486
2008-07-25,-0.047619,0.01943
2008-07-28,0.017358,-0.047619
2008-07-29,0.017825,0.017358
2008-07-30,-0.005817,0.017825
2008-07-31,-0.014407,-0.005817
2008-08-01,-0.021895,-0.014407
2008-08-04,0.048359,-0.021895
2008-08-05,0.022099,0.048359
2008-08-06,-0.003776,0.022099
2008-08-07,0.036559,-0.003776
2008-08-08,0.023651,0.036559
2008-08-11,0.018265,0.023651
2008-08-12,0.014542,0.018265
2008-08-13,0.000112,0.014542
2008-08-14,-0.019964,0.000112
2008-08-15,-0.001992,-0.019964
2008-08-18,-0.010605,-0.001992
2008-08-19,0.013312,-0.010605
2008-08-20,-0.008815,0.013312
2008-08-21,0.014344,-0.008815
2008-08-22,-0.023983,0.014344
2008-08-25,0.006317,-0.023983
2008-08-26,0.005932,0.006317
2008-08-27,-0.005324,0.005932
2008-08-28,-0.024232,-0.005324
2008-08-29,-0.019702,-0.024232
2008-09-02,0.004633,-0.019702
2008-09-03,-0.03438,0.004633
2008-09-04,-0.006451,-0.03438
2008-09-05,-0.014109,-0.006451
2008-09-08,-0.039514,-0.014109
2008-09-09,-0.000461,-0.039514
2008-09-10,0.00686,-0.000461
2008-09-11,-0.024304,0.00686
2008-09-12,-0.057607,-0.024304
2008-09-15,-0.00342,-0.057607
2008-09-16,-0.086145,-0.00342
2008-09-17,0.048971,-0.086145
2008-09-18,0.050861,0.048971
2008-09-19,-0.069974,0.050861
2008-09-22,-0.032125,-0.069974
2008-09-23,0.014743,-0.032125
2008-09-24,0.025017,0.014743
2008-09-25,-0.027969,0.025017
2008-09-26,-0.179195,-0.027969
2008-09-29,0.079802,-0.179195
2008-09-30,-0.039944,0.079802
2008-10-01,-0.082661,-0.039944
2008-10-02,-0.03027,-0.082661
2008-10-03,0.011023,-0.03027
2008-10-06,-0.091502,0.011023
2008-10-07,0.007066,-0.091502
2008-10-08,-0.011694,0.007066
2008-10-09,0.090827,-0.011694
2008-10-10,0.13905,0.090827
2008-10-13,-0.056049,0.13905
2008-10-14,-0.058897,-0.056049
2008-10-15,0.040225,-0.058897
2008-10-16,-0.044067,0.040225
2008-10-17,0.010678,-0.044067
2008-10-20,-0.070601,0.010678
2008-10-21,0.058804,-0.070601
2008-10-22,0.014039,0.058804
2008-10-23,-0.018833,0.014039
2008-10-24,-0.044511,-0.018833
2008-10-27,0.084917,-0.044511
2008-10-28,0.046442,0.084917
2008-10-29,0.062076,0.046442
2008-10-30,-0.03107,0.062076
2008-10-31,-0.005856,-0.03107
2008-11-03,0.037678,-0.005856
2008-11-04,-0.069285,0.037678
2008-11-05,-0.040658,-0.069285
2008-11-06,-0.008678,-0.040658
2008-11-07,-0.024023,-0.008678
2008-11-10,-0.011577,-0.024023
2008-11-11,-0.049066,-0.011577
2008-11-12,0.070129,-0.049066
2008-11-13,-0.064289,0.070129
2008-11-14,-0.023271,-0.064289
2008-11-17,0.020082,-0.023271
2008-11-18,-0.040263,0.020082
2008-11-19,-0.067215,-0.040263
2008-11-20,0.025966,-0.067215
2008-11-21,0.125575,0.025966
2008-11-24,-0.023131,0.125575
2008-11-25,0.046255,-0.023131
2008-11-26,-0.024526,0.046255
2008-11-28,-0.040358,-0.024526
2008-12-01,0.039807,-0.040358
2008-12-02,0.037093,0.039807
2008-12-03,-0.04682,0.037093
2008-12-04,0.028334,-0.04682
2008-12-05,0.060851,0.028334
2008-12-08,0.00341,0.060851
2008-12-09,-0.018489,0.00341
2008-12-10,-0.032685,-0.018489
2008-12-11,0.034421,-0.032685
2008-12-12,-0.03582,0.034421
2008-12-15,0.007177,-0.03582
2008-12-16,-0.065703,0.007177
2008-12-17,0.003028,-0.065703
2008-12-18,0.006374,0.003028
2008-12-19,-0.047333,0.006374
2008-12-22,0.007464,-0.047333
2008-12-23,-0.015513,0.007464
2008-12-24,0.009055,-0.015513
2008-12-26,0.009323,0.009055
2008-12-29,-0.003695,0.009323
2008-12-30,-0.010894,-0.003695
2008-12-31,0.063269,-0.010894
2009-01-02,0.042204,0.063269
2009-01-05,-0.016494,0.042204
2009-01-06,-0.021608,-0.016494
2009-01-07,0.018569,-0.021608
2009-01-08,-0.022869,0.018569
2009-01-09,-0.021197,-0.022869
2009-01-12,-0.010715,-0.021197
2009-01-13,-0.027135,-0.010715
2009-01-14,-0.022853,-0.027135
2009-01-15,-0.012593,-0.022853
2009-01-16,-0.050164,-0.012593
2009-01-20,0.059207,-0.050164
2009-01-21,0.066763,0.059207
2009-01-22,0,0.066763
2009-01-23,0.014486,0
2009-01-26,0.01216,0.014486
2009-01-27,0.038245,0.01216
2009-01-28,-0.012739,0.038245
2009-01-29,-0.03086,-0.012739
2009-01-30,0.015311,-0.03086
2009-02-02,0.016064,0.015311
2009-02-03,0.00613,0.016064
2009-02-04,0.031106,0.00613
2009-02-05,0.033796,0.031106
2009-02-06,0.027978,0.033796
2009-02-09,-0.045654,0.027978
2009-02-10,-0.010324,-0.045654
2009-02-11,0.025305,-0.010324
2009-02-12,-0.001108,0.025305
2009-02-13,-0.046692,-0.001108
2009-02-17,-0.001693,-0.046692
2009-02-18,-0.039525,-0.001693
2009-02-19,0.006178,-0.039525
2009-02-20,-0.046601,0.006178
2009-02-23,0.037953,-0.046601
2009-02-24,0.010083,0.037953
2009-02-25,-0.02161,0.010083
2009-02-26,0.001345,-0.02161
2009-02-27,-0.01534,0.001345
2009-03-02,0.00489,-0.01534
2009-03-03,0.031685,0.00489
2009-03-04,-0.025557,0.031685
2009-03-05,-0.039847,-0.025557
2009-03-06,-0.025674,-0.039847
2009-03-09,0.066388,-0.025674
2009-03-10,0.045725,0.066388
2009-03-11,0.039599,0.045725
2009-03-12,-0.004359,0.039599
2009-03-13,-0.005316,-0.004359
2009-03-16,0.044435,-0.005316
2009-03-17,0.018663,0.044435
2009-03-18,0.000985,0.018663
2009-03-19,-0.000295,0.000985
2009-03-20,0.05975,-0.000295
2009-03-23,-0.010765,0.05975
2009-03-24,-0.000103,-0.010765
2009-03-25,0.03174,-0.000103
2009-03-26,-0.027487,0.03174
2009-03-27,-0.022087,-0.027487
2009-03-30,0.006029,-0.022087
2009-03-31,0.033961,0.006029
2009-04-01,0.036986,0.033961
2009-04-02,0.029101,0.036986
2009-04-03,0.021209,0.029101
2009-04-06,-0.029126,0.021209
2009-04-07,0.011478,-0.029126
2009-04-08,0.02794,0.011478
2009-04-09,0.005436,0.02794
2009-04-13,-0.015888,0.005436
2009-04-14,-0.005663,-0.015888
2009-04-15,0.032387,-0.005663
2009-04-16,0.016221,0.032387
2009-04-17,-0.023659,0.016221
2009-04-20,0.010456,-0.023659
2009-04-21,-0.002053,0.010456
2009-04-22,0.032014,-0.002053
2009-04-23,-0.011962,0.032014
2009-04-24,0.006699,-0.011962
2009-04-27,-0.006638,0.006699
2009-04-28,0.009992,-0.006638
2009-04-29,0.005514,0.009992
2009-04-30,0.011206,0.005514
2009-05-01,0.03796,0.011206
2009-05-04,0.004846,0.03796
2009-05-05,-0.001582,0.004846
2009-05-06,-0.025962,-0.001582
2009-05-07,0.001007,-0.025962
2009-05-08,0.002941,0.001007
2009-05-11,-0.039747,0.002941
2009-05-12,-0.039624,-0.039747
2009-05-13,0.028956,-0.039624
2009-05-14,-0.004311,0.028956
2009-05-15,0.034553,-0.004311
2009-05-18,0.006317,0.034553
2009-05-19,-0.012397,0.006317
2009-05-20,-0.013427,-0.012397
2009-05-21,-0.013529,-0.013427
2009-05-22,0.067592,-0.013529
2009-05-26,0.017357,0.067592
2009-05-27,0.015182,0.017357
2009-05-28,0.005479,0.015182
2009-05-29,0.026066,0.005479
2009-06-01,0.001005,0.026066
2009-06-02,0.010467,0.001005
2009-06-03,0.019794,0.010467
2009-06-04,0.00647,0.019794
2009-06-05,-0.005668,0.00647
2009-06-08,-0.007855,-0.005668
2009-06-09,-0.017307,-0.007855
2009-06-10,-0.002139,-0.017307
2009-06-11,-0.021293,-0.002139
2009-06-12,-0.006425,-0.021293
2009-06-15,0.001911,-0.006425
2009-06-16,-0.005647,0.001911
2009-06-17,0.002213,-0.005647
2009-06-18,0.026494,0.002213
2009-06-19,-0.015128,0.026494
2009-06-22,-0.024459,-0.015128
2009-06-23,0.016491,-0.024459
2009-06-24,0.026721,0.016491
2009-06-25,0.018447,0.026721
2009-06-26,-0.0033,0.018447
2009-06-29,0.00324,-0.0033
2009-06-30,0.002808,0.00324
2009-07-01,-0.019674,0.002808
2009-07-02,-0.01007,-0.019674
2009-07-06,-0.023159,-0.01007
2009-07-07,0.013442,-0.023159
2009-07-08,-0.006267,0.013442
2009-07-09,0.01584,-0.006267
2009-07-10,0.027577,0.01584
2009-07-13,-0.000492,0.027577
2009-07-14,0.032403,-0.000492
2009-07-15,0.004357,0.032403
2009-07-16,0.028674,0.004357
2009-07-17,0.007638,0.028674
2009-07-20,-0.009149,0.007638
2009-07-21,0.034519,-0.009149
2009-07-22,0.00689,0.034519
2009-07-23,0.013724,0.00689
2009-07-24,0.000713,0.013724
2009-07-27,-0.000625,0.000713
2009-07-28,0.000187,-0.000625
2009-07-29,0.017247,0.000187
2009-07-30,0.003686,0.017247
2009-07-31,0.018606,0.003686
2009-08-03,-0.005287,0.018606
2009-08-04,-0.002658,-0.005287
2009-08-05,-0.007268,-0.002658
2009-08-06,0.009761,-0.007268
2009-08-07,-0.004773,0.009761
2009-08-10,-0.011474,-0.004773
2009-08-11,0.015231,-0.011474
2009-08-12,0.018813,0.015231
2009-08-13,-0.009738,0.018813
2009-08-14,-0.043111,-0.009738
2009-08-17,0.027633,-0.043111
2009-08-18,0.003659,0.027633
2009-08-19,0.01051,0.003659
2009-08-20,0.017375,0.01051
2009-08-21,-0.000946,0.017375
2009-08-24,0.002011,-0.000946
2009-08-25,-0.011747,0.002011
2009-08-26,0.012186,-0.011747
2009-08-27,0.003541,0.012186
2009-08-28,-0.01082,0.003541
2009-08-31,-0.017312,-0.01082
2009-09-01,-0.000714,-0.017312
2009-09-02,0.008294,-0.000714
2009-09-03,0.022576,0.008294
2009-09-04,0.015384,0.022576
2009-09-08,-0.010351,0.015384
2009-09-09,0.008297,-0.010351
2009-09-10,-0.002318,0.008297
2009-09-11,0.009061,-0.002318
2009-09-14,0.008289,0.009061
2009-09-15,0.038308,0.008289
2009-09-16,0.014736,0.038308
2009-09-17,0.002547,0.014736
2009-09-18,-0.005405,0.002547
2009-09-21,0.0025,-0.005405
2009-09-22,0.005529,0.0025
2009-09-23,-0.009057,0.005529
2009-09-24,-0.007888,-0.009057
2009-09-25,0.020738,-0.007888
2009-09-28,-0.004147,0.020738
2009-09-29,-0.000162,-0.004147
2009-09-30,-0.024225,-0.000162
2009-10-01,0.022338,-0.024225
2009-10-02,0.006079,0.022338
2009-10-05,0.021427,0.006079
2009-10-06,0.001263,0.021427
2009-10-07,-0.005151,0.001263
2009-10-08,0.00634,-0.005151
2009-10-09,0.001785,0.00634
2009-10-12,-0.00414,0.001785
2009-10-13,0.006683,-0.00414
2009-10-14,-0.003816,0.006683
2009-10-15,-0.013172,-0.003816
2009-10-16,0.009625,-0.013172
2009-10-19,0.046877,0.009625
2009-10-20,0.030992,0.046877
2009-10-21,0.001366,0.030992
2009-10-22,-0.00614,0.001366
2009-10-23,-0.007159,-0.00614
2009-10-26,-0.025237,-0.007159
2009-10-27,-0.025181,-0.025237
2009-10-28,0.02053,-0.025181
2009-10-29,-0.03998,0.02053
2009-10-30,0.004297,-0.03998
2009-11-02,-0.002958,0.004297
2009-11-03,0.010914,-0.002958
2009-11-04,0.016876,0.010914
2009-11-05,0.001597,0.016876
2009-11-06,0.036637,0.001597
2009-11-09,0.007545,0.036637
2009-11-10,0.00133,0.007545
2009-11-11,-0.006199,0.00133
2009-11-12,0.012179,-0.006199
2009-11-13,0.010663,0.012179
2009-11-16,0.001791,0.010663
2009-11-17,-0.005024,0.001791
2009-11-18,-0.026462,-0.005024
2009-11-19,-0.002942,-0.026462
2009-11-20,0.029812,-0.002942
2009-11-23,-0.006994,0.029812
2009-11-24,-0.001223,-0.006994
2009-11-25,-0.017631,-0.001223
2009-11-27,-0.00339,-0.017631
2009-11-30,-0.014707,-0.00339
2009-12-01,-0.003757,-0.014707
2009-12-02,0.001274,-0.003757
2009-12-03,-0.016083,0.001274
2009-12-04,-0.022605,-0.016083
2009-12-07,0.004869,-0.022605
2009-12-08,0.041765,0.004869
2009-12-09,-0.006926,0.041765
2009-12-10,-0.00896,-0.006926
2009-12-11,0.011866,-0.00896
2009-12-14,-0.014265,0.011866
2009-12-15,0.004429,-0.014265
2009-12-16,-0.016254,0.004429
2009-12-17,0.018607,-0.016254
2009-12-18,0.014327,0.018607
2009-12-21,0.010745,0.014327
2009-12-22,0.008684,0.010745
2009-12-23,0.034339,0.008684
2009-12-24,0.012294,0.034339
2009-12-28,-0.011861,0.012294
2009-12-29,0.012147,-0.011861
2009-12-30,-0.00429,0.012147
2009-12-31,0.015555,-0.00429
2010-01-04,0.001729,0.015555
2010-01-05,-0.015906,0.001729
2010-01-06,-0.001849,-0.015906
2010-01-07,0.006648,-0.001849
2010-01-08,-0.008822,0.006648
2010-01-11,-0.011375,-0.008822
2010-01-12,0.014105,-0.011375
2010-01-13,-0.005792,0.014105
2010-01-14,-0.016712,-0.005792
2010-01-15,0.044238,-0.016712
2010-01-19,-0.015416,0.044238
2010-01-20,-0.017254,-0.015416
2010-01-21,-0.049608,-0.017254
2010-01-22,0.026928,-0.049608
2010-01-25,0.014108,0.026928
2010-01-26,0.00944,0.014108
2010-01-27,-0.04134,0.00944
2010-01-28,-0.036264,-0.04134
2010-01-29,0.013886,-0.036264
2010-02-01,0.005803,0.013886
2010-02-02,0.017206,0.005803
2010-02-03,-0.036039,0.017206
2010-02-04,0.017756,-0.036039
2010-02-05,-0.006856,0.017756
2010-02-08,0.010664,-0.006856
2010-02-09,-0.005474,0.010664
2010-02-10,0.018215,-0.005474
2010-02-11,0.008607,0.018215
2010-02-12,0.015071,0.008607
2010-02-16,-0.004179,0.015071
2010-02-17,0.001866,-0.004179
2010-02-18,-0.006199,0.001866
2010-02-19,-0.006218,-0.006199
2010-02-22,-0.01675,-0.006218
2010-02-23,0.018253,-0.01675
2010-02-24,0.006698,0.018253
2010-02-25,0.01297,0.006698
2010-02-26,0.021357,0.01297
2010-03-01,-0.00067,0.021357
2010-03-02,0.002298,-0.00067
2010-03-03,0.006592,0.002298
2010-03-04,0.039106,0.006592
2010-03-05,0.000594,0.039106
2010-03-08,0.017984,0.000594
2010-03-09,0.008161,0.017984
2010-03-10,0.002935,0.008161
2010-03-11,0.004878,0.002935
2010-03-12,-0.01218,0.004878
2010-03-15,0.002725,-0.01218
2010-03-16,-0.00147,0.002725
2010-03-17,0.002365,-0.00147
2010-03-18,-0.010684,0.002365
2010-03-19,0.011249,-0.010684
2010-03-22,0.016062,0.011249
2010-03-23,0.004423,0.016062
2010-03-24,-0.011859,0.004423
2010-03-25,0.018751,-0.011859
2010-03-26,0.006453,0.018751
2010-03-29,0.014867,0.006453
2010-03-30,-0.003583,0.014867
2010-03-31,0.004128,-0.003583
2010-04-01,0.010679,0.004128
2010-04-05,0.004403,0.010679
2010-04-06,0.004425,0.004403
2010-04-07,-0.002702,0.004425
2010-04-08,0.007668,-0.002702
2010-04-09,0.002068,0.007668
2010-04-12,0.000578,0.002068
2010-04-13,0.013447,0.000578
2010-04-14,0.013147,0.013447
2010-04-15,-0.006106,0.013147
2010-04-16,-0.001334,-0.006106
2010-04-19,-0.010038,-0.001334
2010-04-20,0.059814,-0.010038
2010-04-21,0.027967,0.059814
2010-04-22,0.016364,0.027967
2010-04-23,-0.004911,0.016364
2010-04-26,-0.027681,-0.004911
2010-04-27,-0.001679,-0.027681
2010-04-28,0.026911,-0.001679
2010-04-29,-0.028105,0.026911
2010-04-30,0.020146,-0.028105
2010-05-03,-0.028797,0.020146
2010-05-04,-0.010418,-0.028797
2010-05-05,-0.03803,-0.010418
2010-05-06,-0.042193,-0.03803
2010-05-07,0.076868,-0.042193
2010-05-10,0.009961,0.076868
2010-05-11,0.021714,0.009961
2010-05-12,-0.014232,0.021714
2010-05-13,-0.017572,-0.014232
2010-05-14,0.001576,-0.017572
2010-05-17,-0.007316,0.001576
2010-05-18,-0.01593,-0.007316
2010-05-19,-0.042603,-0.01593
2010-05-20,0.019179,-0.042603
2010-05-21,0.018323,0.019179
2010-05-24,-0.006241,0.018323
2010-05-25,-0.004531,-0.006241
2010-05-26,0.037856,-0.004531
2010-05-27,0.013933,0.037856
2010-05-28,0.015377,0.013933
2010-06-01,0.011962,0.015377
2010-06-02,-0.003145,0.011962
2010-06-03,-0.027193,-0.003145
2010-06-04,-0.019632,-0.027193
2010-06-07,-0.006416,-0.019632
2010-06-08,-0.024586,-0.006416
2010-06-09,0.030058,-0.024586
2010-06-10,0.011976,0.030058
2010-06-11,0.003037,0.011976
2010-06-14,0.021276,0.003037
2010-06-15,0.029112,0.021276
2010-06-16,0.017287,0.029112
2010-06-17,0.008107,0.017287
2010-06-18,-0.014244,0.008107
2010-06-21,0.013621,-0.014244
2010-06-22,-0.010517,0.013621
2010-06-23,-0.00727,-0.010517
2010-06-24,-0.00855,-0.00727
2010-06-25,0.005999,-0.00855
2010-06-28,-0.04521,0.005999
2010-06-29,-0.018113,-0.04521
2010-06-30,-0.012126,-0.018113
2010-07-01,-0.006198,-0.012126
2010-07-02,0.006844,-0.006198
2010-07-06,0.040361,0.006844
2010-07-07,-0.002223,0.040361
2010-07-08,0.005928,-0.002223
2010-07-09,-0.008994,0.005928
2010-07-12,-0.021327,-0.008994
2010-07-13,0.003689,-0.021327
2010-07-14,-0.005053,0.003689
2010-07-15,-0.006164,-0.005053
2010-07-16,-0.017287,-0.006164
2010-07-19,0.025694,-0.017287
2010-07-20,0.009329,0.025694
2010-07-21,0.018817,0.009329
2010-07-22,0.003536,0.018817
2010-07-23,-0.002539,0.003536
2010-07-26,0.018513,-0.002539
2010-07-27,-0.011815,0.018513
2010-07-28,-0.010921,-0.011815
2010-07-29,-0.003332,-0.010921
2010-07-30,0.017881,-0.003332
2010-08-02,0.000305,0.017881
2010-08-03,0.004009,0.000305
2010-08-04,-0.004867,0.004009
2010-08-05,-0.006148,-0.004867
2010-08-06,0.006379,-0.006148
2010-08-09,-0.00894,0.006379
2010-08-10,-0.035542,-0.00894
2010-08-11,0.006395,-0.035542
2010-08-12,-0.010683,0.006395
2010-08-13,-0.005861,-0.010683
2010-08-16,0.017485,-0.005861
2010-08-17,0.004366,0.017485
2010-08-18,-0.012605,0.004366
2010-08-19,-0.00096,-0.012605
2010-08-20,-0.015382,-0.00096
2010-08-23,-0.023881,-0.015382
2010-08-24,0.012337,-0.023881
2010-08-25,-0.010746,0.012337
2010-08-26,0.005577,-0.010746
2010-08-27,0.003642,0.005577
2010-08-30,0.002474,0.003642
2010-08-31,0.029741,0.002474
2010-09-01,0.00735,0.029741
2010-09-02,0.026173,0.00735
2010-09-03,-0.00371,0.026173
2010-09-07,0.019821,-0.00371
2010-09-08,0.00057,0.019821
2010-09-09,0.001292,0.00057
2010-09-10,0.013781,0.001292
2010-09-13,0.00382,0.013781
2010-09-14,0.008058,0.00382
2010-09-15,0.023499,0.008058
2010-09-16,-0.004339,0.023499
2010-09-17,0.028543,-0.004339
2010-09-20,0.001907,0.028543
2010-09-21,0.014025,0.001907
2010-09-22,0.004066,0.014025
2010-09-23,0.011768,0.004066
2010-09-24,-0.003955,0.011768
2010-09-27,-0.014782,-0.003955
2010-09-28,0.001778,-0.014782
2010-09-29,-0.012597,0.001778
2010-09-30,-0.004335,-0.012597
2010-10-01,-0.013733,-0.004335
2010-10-04,0.036965,-0.013733
2010-10-05,0.000865,0.036965
2010-10-06,0.000104,0.000865
2010-10-07,0.016769,0.000104
2010-10-08,0.004387,0.016769
2010-10-11,0.010767,0.004387
2010-10-12,0.005359,0.010767
2010-10-13,0.00723,0.005359
2010-10-14,0.041117,0.00723
2010-10-15,0.010358,0.041117
2010-10-18,-0.026761,0.010358
2010-10-19,0.00336,-0.026761
2010-10-20,-0.003253,0.00336
2010-10-21,-0.006623,-0.003253
2010-10-22,0.004456,-0.006623
2010-10-25,-0.002558,0.004456
2010-10-26,-0.000714,-0.002558
2010-10-27,-0.008414,-0.000714
2010-10-28,-0.013956,-0.008414
2010-10-29,0.010632,-0.013956
2010-11-01,0.017029,0.010632
2010-11-02,0.01112,0.017029
2010-11-03,0.017487,0.01112
2010-11-04,-0.003582,0.017487
2010-11-05,0.004698,-0.003582
2010-11-08,-0.007972,0.004698
2010-11-09,0.006169,-0.007972
2010-11-10,-0.004323,0.006169
2010-11-11,-0.027238,-0.004323
2010-11-12,-0.00323,-0.027238
2010-11-15,-0.017734,-0.00323
2010-11-16,-0.003614,-0.017734
2010-11-17,0.026389,-0.003614
2010-11-18,-0.005512,0.026389
2010-11-19,0.021615,-0.005512
2010-11-22,-0.014775,0.021615
2010-11-23,0.019645,-0.014775
2010-11-24,0.003065,0.019645
2010-11-26,0.003515,0.003065
2010-11-29,-0.018052,0.003515
2010-11-30,0.016873,-0.018052
2010-12-01,0.005531,0.016873
2010-12-02,-0.002232,0.005531
2010-12-03,0.008537,-0.002232
2010-12-06,-0.00606,0.008537
2010-12-07,0.008799,-0.00606
2010-12-08,-0.003902,0.008799
2010-12-09,0.00251,-0.003902
2010-12-10,0.003463,0.00251
2010-12-13,-0.00429,0.003463
2010-12-14,0.000218,-0.00429
2010-12-15,0.002778,0.000218
2010-12-16,-0.001992,0.002778
2010-12-17,0.004991,-0.001992
2010-12-20,0.006192,0.004991
2010-12-21,0.002946,0.006192
2010-12-22,-0.004798,0.002946
2010-12-23,0.003337,-0.004798
2010-12-27,0.002433,0.003337
2010-12-28,-0.000553,0.002433
2010-12-29,-0.005011,-0.000553
2010-12-30,-0.003399,-0.005011
2010-12-31,0.021732,-0.003399
2011-01-03,0.005219,0.021732
2011-01-04,0.00818,0.005219
2011-01-05,-0.000808,0.00818
2011-01-06,0.007161,-0.000808
2011-01-07,0.018847,0.007161
2011-01-10,-0.00238,0.018847
2011-01-11,0.008137,-0.00238
2011-01-12,0.003658,0.008137
2011-01-13,0.0081,0.003658
2011-01-14,-0.022469,0.0081
2011-01-18,-0.005313,-0.022469
2011-01-19,-0.01818,-0.005313
2011-01-20,-0.017915,-0.01818
2011-01-21,0.032842,-0.017915
2011-01-24,0.011705,0.032842
2011-01-25,0.007176,0.011705
2011-01-26,-0.001861,0.007176
2011-01-27,-0.020716,-0.001861
2011-01-28,0.00958,-0.020716
2011-01-31,0.016828,0.00958
2011-02-01,-0.002058,0.016828
2011-02-02,-0.002556,-0.002058
2011-02-03,0.00891,-0.002556
2011-02-04,0.015527,0.00891
2011-02-07,0.009435,0.015527
2011-02-08,0.008333,0.009435
2011-02-09,-0.010107,0.008333
2011-02-10,0.006515,-0.010107
2011-02-11,0.006529,0.006515
2011-02-14,0.002005,0.006529
2011-02-15,0.008975,0.002005
2011-02-16,-0.013301,0.008975
2011-02-17,-0.021602,-0.013301
2011-02-18,-0.034088,-0.021602
2011-02-22,0.011843,-0.034088
2011-02-23,0.000759,0.011843
2011-02-24,0.015399,0.000759
2011-02-25,0.014505,0.015399
2011-02-28,-0.011042,0.014505
2011-03-01,0.008044,-0.011042
2011-03-02,0.021129,0.008044
2011-03-03,0.001224,0.021129
2011-03-04,-0.012889,0.001224
2011-03-07,0.001126,-0.012889
2011-03-08,-0.009248,0.001126
2011-03-09,-0.016455,-0.009248
2011-03-10,0.015346,-0.016455
2011-03-11,0.00446,0.015346
2011-03-14,-0.022995,0.00446
2011-03-15,-0.04464,-0.022995
2011-03-16,0.01403,-0.04464
2011-03-17,-0.011863,0.01403
2011-03-18,0.026098,-0.011863
2011-03-21,0.0056,0.026098
2011-03-22,-0.005891,0.0056
2011-03-23,0.017041,-0.005891
2011-03-24,0.019045,0.017041
2011-03-25,-0.003129,0.019045
2011-03-28,0.001484,-0.003129
2011-03-29,-0.006639,0.001484
2011-03-30,-0.000351,-0.006639
2011-03-31,-0.011327,-0.000351
2011-04-01,-0.009781,-0.011327
2011-04-04,-0.006741,-0.009781
2011-04-05,-0.002508,-0.006741
2011-04-06,0.000118,-0.002508
2011-04-07,-0.008933,0.000118
2011-04-08,-0.012714,-0.008933
2011-04-11,0.004837,-0.012714
2011-04-12,0.011221,0.004837
2011-04-13,-0.011037,0.011221
2011-04-14,-0.014921,-0.011037
2011-04-15,0.013406,-0.014921
2011-04-18,0.018111,0.013406
2011-04-19,0.013467,0.018111
2011-04-20,0.024199,0.013467
2011-04-21,0.006595,0.024199
2011-04-25,-0.007334,0.006595
2011-04-26,-0.000771,-0.007334
2011-04-27,-0.00971,-0.000771
2011-04-28,0.009748,-0.00971
2011-04-29,-0.010996,0.009748
2011-05-02,0.005545,-0.010996
2011-05-03,0.003935,0.005545
2011-05-04,-0.008067,0.003935
2011-05-05,-0.00026,-0.008067
2011-05-06,0.002712,-0.00026
2011-05-09,0.005322,0.002712
2011-05-10,-0.006353,0.005322
2011-05-11,-0.001901,-0.006353
2011-05-12,-0.017515,-0.001901
2011-05-13,-0.021145,-0.017515
2011-05-16,0.008521,-0.021145
2011-05-17,0.011097,0.008521
2011-05-18,0.001942,0.011097
2011-05-19,-0.015593,0.001942
2011-05-20,-0.002446,-0.015593
2011-05-23,-0.006609,-0.002446
2011-05-24,0.013817,-0.006609
2011-05-25,-0.005285,0.013817
2011-05-26,0.007194,-0.005285
2011-05-27,0.030882,0.007194
2011-05-31,-0.00667,0.030882
2011-06-01,0.001713,-0.00667
2011-06-02,-0.007691,0.001713
2011-06-03,-0.015723,-0.007691
2011-06-06,-0.017749,-0.015723
2011-06-07,0.000602,-0.017749
2011-06-08,-0.002257,0.000602
2011-06-09,-0.016863,-0.002257
2011-06-10,0.002148,-0.016863
2011-06-13,0.017881,0.002148
2011-06-14,-0.017116,0.017881
2011-06-15,-0.004866,-0.017116
2011-06-16,-0.015069,-0.004866
2011-06-17,-0.015425,-0.015069
2011-06-20,0.03165,-0.015425
2011-06-21,-0.008269,0.03165
2011-06-22,0.02672,-0.008269
2011-06-23,-0.014733,0.02672
2011-06-24,0.017435,-0.014733
2011-06-27,0.009698,0.017435
2011-06-28,-0.003639,0.009698
2011-06-29,0.00488,-0.003639
2011-06-30,0.022611,0.00488
2011-07-01,0.017975,0.022611
2011-07-05,0.006668,0.017975
2011-07-06,0.015465,0.006668
2011-07-07,0.007027,0.015465
2011-07-08,-0.015874,0.007027
2011-07-11,-0.000706,-0.015874
2011-07-12,0.012071,-0.000706
2011-07-13,-0.000698,0.012071
2011-07-14,0.019985,-0.000698
2011-07-15,0.024334,0.019985
2011-07-18,0.008159,0.024334
2011-07-19,0.026668,0.008159
2011-07-20,0.001008,0.026668
2011-07-21,0.015518,0.001008
2011-07-22,0.013221,0.015518
2011-07-25,0.012321,0.013221
2011-07-26,-0.026821,0.012321
2011-07-27,-0.001961,-0.026821
2011-07-28,-0.00342,-0.001961
2011-07-29,0.016057,-0.00342
2011-08-01,-0.019761,0.016057
2011-08-02,0.009411,-0.019761
2011-08-03,-0.038719,0.009411
2011-08-04,-0.009937,-0.038719
2011-08-05,-0.054628,-0.009937
2011-08-08,0.058889,-0.054628
2011-08-09,-0.027593,0.058889
2011-08-10,0.027523,-0.027593
2011-08-11,0.008804,0.027523
2011-08-12,0.01703,0.008804
2011-08-15,-0.007642,0.01703
2011-08-16,-0.000105,-0.007642
2011-08-17,-0.037825,-0.000105
2011-08-18,-0.027373,-0.037825
2011-08-19,0.001152,-0.027373
2011-08-22,0.048143,0.001152
2011-08-23,0.006906,0.048143
2011-08-24,-0.006539,0.006906
2011-08-25,0.026383,-0.006539
2011-08-26,0.016659,0.026383
2011-08-29,0.000051,0.016659
2011-08-30,-0.013231,0.000051
2011-08-31,-0.009874,-0.013231
2011-09-01,-0.018319,-0.009874
2011-09-02,0.015212,-0.018319
2011-09-06,0.011034,0.015212
2011-09-07,0.000547,0.011034
2011-09-08,-0.017337,0.000547
2011-09-09,0.006517,-0.017337
2011-09-12,0.012318,0.006517
2011-09-13,0.012168,0.012318
2011-09-14,0.009401,0.012168
2011-09-15,0.019188,0.009401
2011-09-16,0.02779,0.019188
2011-09-19,0.004421,0.02779
2011-09-20,-0.003168,0.004421
2011-09-21,-0.02504,-0.003168
2011-09-22,0.006172,-0.02504
2011-09-23,-0.002795,0.006172
2011-09-26,-0.009698,-0.002795
2011-09-27,-0.005635,-0.009698
2011-09-28,-0.016221,-0.005635
2011-09-29,-0.023683,-0.016221
2011-09-30,-0.017623,-0.023683
2011-10-03,-0.005606,-0.017623
2011-10-04,0.015436,-0.005606
2011-10-05,-0.002327,0.015436
2011-10-06,-0.02006,-0.002327
2011-10-07,0.051406,-0.02006
2011-10-10,0.029526,0.051406
2011-10-11,0.004747,0.029526
2011-10-12,0.015515,0.004747
2011-10-13,0.033225,0.015515
2011-10-14,-0.004763,0.033225
2011-10-17,0.005357,-0.004763
2011-10-18,-0.05594,0.005357
2011-10-19,-0.008304,-0.05594
2011-10-20,-0.006172,-0.008304
2011-10-21,0.032835,-0.006172
2011-10-24,-0.019716,0.032835
2011-10-25,0.007115,-0.019716
2011-10-26,0.01021,0.007115
2011-10-27,0.000642,0.01021
2011-10-28,-0.00042,0.000642
2011-10-31,-0.020431,-0.00042
2011-11-01,0.00227,-0.020431
2011-11-02,0.014242,0.00227
2011-11-03,-0.007021,0.014242
2011-11-04,-0.001274,-0.007021
2011-11-07,0.016261,-0.001274
2011-11-08,-0.026955,0.016261
2011-11-09,-0.02545,-0.026955
2011-11-10,-0.001558,-0.02545
2011-11-11,-0.013936,-0.001558
2011-11-14,0.025233,-0.013936
2011-11-15,-0.010442,0.025233
2011-11-16,-0.019128,-0.010442
2011-11-17,-0.006545,-0.019128
2011-11-18,-0.015816,-0.006545
2011-11-21,0.020325,-0.015816
2011-11-22,-0.025285,0.020325
2011-11-23,-0.009319,-0.025285
2011-11-25,0.034519,-0.009319
2011-11-28,-0.007763,0.034519
2011-11-29,0.024116,-0.007763
2011-11-30,0.014992,0.024116
2011-12-01,0.004563,0.014992
2011-12-02,0.008494,0.004563
2011-12-05,-0.005242,0.008494
2011-12-06,-0.004758,-0.005242
2011-12-07,0.004035,-0.004758
2011-12-08,0.007577,0.004035
2011-12-09,-0.004522,0.007577
2011-12-12,-0.007733,-0.004522
2011-12-13,-0.02217,-0.007733
2011-12-14,-0.003288,-0.02217
2011-12-15,0.005489,-0.003288
2011-12-16,0.003123,0.005489
2011-12-19,0.035949,0.003123
2011-12-20,0.00125,0.035949
2011-12-21,0.00531,0.00125
2011-12-22,0.011993,0.00531
2011-12-23,0.007934,0.011993
2011-12-27,-0.009569,0.007934
2011-12-28,0.006159,-0.009569
2011-12-29,-0.000296,0.006159
2011-12-30,0.015383,-0.000296
2012-01-03,0.005374,0.015383
2012-01-04,0.011102,0.005374
2012-01-05,0.010454,0.011102
2012-01-06,-0.001586,0.010454
2012-01-09,0.00358,-0.001586
2012-01-10,-0.00163,0.00358
2012-01-11,-0.002745,-0.00163
2012-01-12,-0.00375,-0.002745
2012-01-13,0.011648,-0.00375
2012-01-17,0.010384,0.011648
2012-01-18,-0.003169,0.010384
2012-01-19,-0.017417,-0.003169
2012-01-20,0.016914,-0.017417
2012-01-23,-0.016375,0.016914
2012-01-24,0.062439,-0.016375
2012-01-25,-0.004545,0.062439
2012-01-26,0.00596,-0.004545
2012-01-27,0.012811,0.00596
2012-01-30,0.00766,0.012811
2012-01-31,-0.000635,0.00766
2012-02-01,-0.002346,-0.000635
2012-02-02,0.010019,-0.002346
2012-02-03,0.009333,0.010019
2012-02-06,0.010475,0.009333
2012-02-07,0.016744,0.010475
2012-02-08,0.034593,0.016744
2012-02-09,0.000507,0.034593
2012-02-10,0.018605,0.000507
2012-02-13,0.013649,0.018605
2012-02-14,-0.023142,0.013649
2012-02-15,0.009122,-0.023142
2012-02-16,-0.000179,0.009122
2012-02-17,0.025352,-0.000179
2012-02-21,-0.003516,0.025352
2012-02-22,0.00653,-0.003516
2012-02-23,0.011658,0.00653
2012-02-24,0.006413,0.011658
2012-02-27,0.018354,0.006413
2012-02-28,0.01313,0.018354
2012-02-29,0.003742,0.01313
2012-03-01,0.001304,0.003742
2012-03-02,-0.022048,0.001304
2012-03-05,-0.005439,-0.022048
2012-03-06,0.000811,-0.005439
2012-03-07,0.021293,0.000811
2012-03-08,0.005867,0.021293
2012-03-09,0.012528,0.005867
2012-03-12,0.029167,0.012528
2012-03-13,0.03781,0.029167
2012-03-14,-0.006818,0.03781
2012-03-15,0.000017,-0.006818
2012-03-16,0.026521,0.000017
2012-03-19,0.008085,0.026521
2012-03-20,-0.00571,0.008085
2012-03-21,-0.005245,-0.00571
2012-03-22,-0.005489,-0.005245
2012-03-23,0.018337,-0.005489
2012-03-26,0.012356,0.018337
2012-03-27,0.00511,0.012356
2012-03-28,-0.012564,0.00511
2012-03-29,-0.016906,-0.012564
2012-03-30,0.031824,-0.016906
2012-04-02,0.01728,0.031824
2012-04-03,-0.007961,0.01728
2012-04-04,0.015009,-0.007961
2012-04-05,0.004024,0.015009
2012-04-09,-0.012244,0.004024
2012-04-10,-0.003564,-0.012244
2012-04-11,-0.005477,-0.003564
2012-04-12,-0.028165,-0.005477
2012-04-13,-0.041472,-0.028165
2012-04-16,0.050971,-0.041472
2012-04-17,-0.002231,0.050971
2012-04-18,-0.034356,-0.002231
2012-04-19,-0.024615,-0.034356
2012-04-20,-0.002234,-0.024615
2012-04-23,-0.019975,-0.002234
2012-04-24,0.088741,-0.019975
2012-04-25,-0.00377,0.088741
2012-04-26,-0.007734,-0.00377
2012-04-27,-0.031542,-0.007734
2012-04-30,-0.003168,-0.031542
2012-05-01,0.006614,-0.003168
2012-05-02,-0.007099,0.006614
2012-05-03,-0.02848,-0.007099
2012-05-04,0.007483,-0.02848
2012-05-07,-0.002283,0.007483
2012-05-08,0.00176,-0.002283
2012-05-09,0.002354,0.00176
2012-05-10,-0.006678,0.002354
2012-05-11,-0.014981,-0.006678
2012-05-14,-0.009047,-0.014981
2012-05-15,-0.012826,-0.009047
2012-05-16,-0.029218,-0.012826
2012-05-17,0.00049,-0.029218
2012-05-18,0.05826,0.00049
2012-05-21,-0.007679,0.05826
2012-05-22,0.0244,-0.007679
2012-05-23,-0.009184,0.0244
2012-05-24,-0.00536,-0.009184
2012-05-25,0.017749,-0.00536
2012-05-29,0.012057,0.017749
2012-05-30,-0.002486,0.012057
2012-05-31,-0.028975,-0.002486
2012-06-01,0.005882,-0.028975
2012-06-04,-0.002587,0.005882
2012-06-05,0.015333,-0.002587
2012-06-06,0.000455,0.015333
2012-06-07,0.015042,0.000455
2012-06-08,-0.015767,0.015042
2012-06-11,0.008736,-0.015767
2012-06-12,-0.006943,0.008736
2012-06-13,-0.001101,-0.006943
2012-06-14,0.004549,-0.001101
2012-06-15,0.020292,0.004549
2012-06-18,0.002783,0.020292
2012-06-19,-0.002841,0.002783
2012-06-20,-0.013779,-0.002841
2012-06-21,0.007669,-0.013779
2012-06-22,-0.019473,0.007669
2012-06-25,0.002208,-0.019473
2012-06-26,0.004327,0.002208
2012-06-27,-0.009487,0.004327
2012-06-28,0.026272,-0.009487
2012-06-29,0.014589,0.026272
2012-07-02,0.011628,0.014589
2012-07-03,0.017567,0.011628
2012-07-05,-0.006656,0.017567
2012-07-06,0.01322,-0.006656
2012-07-09,-0.009252,0.01322
2012-07-10,-0.006215,-0.009252
2012-07-11,-0.009149,-0.006215
2012-07-12,0.010135,-0.009149
2012-07-13,0.003207,0.010135
2012-07-16,0.000049,0.003207
2012-07-17,-0.00112,0.000049
2012-07-18,0.013295,-0.00112
2012-07-19,-0.016311,0.013295
2012-07-20,-0.000778,-0.016311
2012-07-23,-0.004819,-0.000778
2012-07-24,-0.043184,-0.004819
2012-07-25,-0.000156,-0.043184
2012-07-26,0.017882,-0.000156
2012-07-27,0.016867,0.017882
2012-07-30,0.026436,0.016867
2012-07-31,-0.006467,0.026436
2012-08-01,0.001615,-0.006467
2012-08-02,0.013014,0.001615
2012-08-03,0.011126,0.013014
2012-08-06,-0.002628,0.011126
2012-08-07,-0.001698,-0.002628
2012-08-08,0.005679,-0.001698
2012-08-09,0.001563,0.005679
2012-08-10,0.01335,0.001563
2012-08-13,0.002683,0.01335
2012-08-14,-0.001361,0.002683
2012-08-15,0.008735,-0.001361
2012-08-16,0.018496,0.008735
2012-08-17,0.026292,0.018496
2012-08-20,-0.013663,0.026292
2012-08-21,0.019523,-0.013663
2012-08-22,-0.009329,0.019523
2012-08-23,0.000893,-0.009329
2012-08-24,0.018784,0.000893
2012-08-27,-0.001302,0.018784
2012-08-28,-0.001977,-0.001302
2012-08-29,-0.014252,-0.001977
2012-08-30,0.002067,-0.014252
2012-08-31,0.014626,0.002067
2012-09-04,-0.007023,0.014626
2012-09-05,0.009012,-0.007023
2012-09-06,0.006166,0.009012
2012-09-07,-0.026013,0.006166
2012-09-10,-0.003244,-0.026013
2012-09-11,0.013927,-0.003244
2012-09-12,0.019693,0.013927
2012-09-13,0.012153,0.019693
2012-09-14,0.012297,0.012153
2012-09-17,0.003042,0.012297
2012-09-18,0.000271,0.003042
2012-09-19,-0.004843,0.000271
2012-09-20,0.001997,-0.004843
2012-09-21,-0.013291,0.001997
2012-09-24,-0.024971,-0.013291
2012-09-25,-0.012412,-0.024971
2012-09-26,0.024264,-0.012412
2012-09-27,-0.020864,0.024264
2012-09-28,-0.011565,-0.020864
2012-10-01,0.002912,-0.011565
2012-10-02,0.015333,0.002912
2012-10-03,-0.006925,0.015333
2012-10-04,-0.021311,-0.006925
2012-10-05,-0.022097,-0.021311
2012-10-08,-0.003635,-0.022097
2012-10-09,0.007958,-0.003635
2012-10-10,-0.019987,0.007958
2012-10-11,0.00257,-0.019987
2012-10-12,0.008013,0.00257
2012-10-15,0.023682,0.008013
2012-10-16,-0.00797,0.023682
2012-10-17,-0.018575,-0.00797
2012-10-18,-0.036039,-0.018575
2012-10-19,0.039666,-0.036039
2012-10-22,-0.032608,0.039666
2012-10-23,0.005665,-0.032608
2012-10-24,-0.011822,0.005665
2012-10-25,-0.009086,-0.011822
2012-10-26,-0.014371,-0.009086
2012-10-31,0.002049,-0.014371
2012-11-01,-0.033091,0.002049
2012-11-02,0.013559,-0.033091
2012-11-05,-0.00303,0.013559
2012-11-06,-0.038085,-0.00303
2012-11-07,-0.036294,-0.038085
2012-11-08,0.017313,-0.036294
2012-11-09,-0.007732,0.017313
2012-11-12,0.000125,-0.007732
2012-11-13,-0.011085,0.000125
2012-11-14,-0.020973,-0.011085
2012-11-15,0.003915,-0.020973
2012-11-16,0.072112,0.003915
2012-11-19,-0.008514,0.072112
2012-11-20,0.001402,-0.008514
2012-11-21,0.017447,0.001402
2012-11-23,0.031549,0.017447
2012-11-26,-0.008057,0.031549
2012-11-27,-0.003147,-0.008057
2012-11-28,0.011013,-0.003147
2012-11-29,-0.006923,0.011013
2012-11-30,0.001555,-0.006923
2012-12-03,-0.017647,0.001555
2012-12-04,-0.064346,-0.017647
2012-12-05,0.015687,-0.064346
2012-12-06,-0.025573,0.015687
2012-12-07,-0.006431,-0.025573
2012-12-10,0.021832,-0.006431
2012-12-11,-0.004411,0.021832
2012-12-12,-0.017273,-0.004411
2012-12-13,-0.037562,-0.017273
2012-12-14,0.017725,-0.037562
2012-12-17,0.029046,0.017725
2012-12-18,-0.014216,0.029046
2012-12-19,-0.008702,-0.014216
2012-12-20,-0.0046,-0.008702
2012-12-21,0.001614,-0.0046
2012-12-24,-0.013781,0.001614
2012-12-26,0.004017,-0.013781
2012-12-27,-0.010622,0.004017
2012-12-28,0.044317,-0.010622
2012-12-31,0.031676,0.044317
2013-01-02,-0.01263,0.031676
2013-01-03,-0.027847,-0.01263
2013-01-04,-0.005882,-0.027847
2013-01-07,0.002691,-0.005882
2013-01-08,-0.015629,0.002691
2013-01-09,0.012396,-0.015629
2013-01-10,-0.006132,0.012396
2013-01-11,-0.035652,-0.006132
2013-01-14,-0.03155,-0.035652
2013-01-15,0.041509,-0.03155
2013-01-16,-0.006738,0.041509
2013-01-17,-0.005331,-0.006738
2013-01-18,0.00954,-0.005331
2013-01-22,0.018295,0.00954
2013-01-23,-0.123549,0.018295
2013-01-24,-0.023574,-0.123549
2013-01-25,0.02262,-0.023574
2013-01-28,0.018763,0.02262
2013-01-29,-0.003142,0.018763
2013-01-30,-0.002933,-0.003142
2013-01-31,-0.004105,-0.002933
2013-02-01,-0.02492,-0.004105
2013-02-04,0.035106,-0.02492
2013-02-05,-0.001079,0.035106
2013-02-06,0.029562,-0.001079
2013-02-07,0.014438,0.029562
2013-02-08,0.010421,0.014438
2013-02-11,-0.025066,0.010421
2013-02-12,-0.001902,-0.025066
2013-02-13,-0.000899,-0.001902
2013-02-14,-0.013781,-0.000899
2013-02-15,-0.000369,-0.013781
2013-02-19,-0.024218,-0.000369
2013-02-20,-0.006216,-0.024218
2013-02-21,0.010649,-0.006216
2013-02-22,-0.017768,0.010649
2013-02-25,0.013934,-0.017768
2013-02-26,-0.0098,0.013934
2013-02-27,-0.007131,-0.0098
2013-02-28,-0.024762,-0.007131
2013-03-01,-0.024206,-0.024762
2013-03-04,0.026411,-0.024206
2013-03-05,-0.012715,0.026411
2013-03-06,0.011558,-0.012715
2013-03-07,0.002643,0.011558
2013-03-08,0.014245,0.002643
2013-03-11,-0.021559,0.014245
2013-03-12,-0.000187,-0.021559
2013-03-13,0.009688,-0.000187
2013-03-14,0.025803,0.009688
2013-03-15,0.027183,0.025803
2013-03-18,-0.002699,0.027183
2013-03-19,-0.005303,-0.002699
2013-03-20,0.001438,-0.005303
2013-03-21,0.020277,0.001438
2013-03-22,0.003615,0.020277
2013-03-25,-0.005272,0.003615
2013-03-26,-0.019638,-0.005272
2013-03-27,-0.020837,-0.019638
2013-03-28,-0.031062,-0.020837
2013-04-01,0.002056,-0.031062
2013-04-02,0.005114,0.002056
2013-04-03,-0.009884,0.005114
2013-04-04,-0.010568,-0.009884
2013-04-05,0.007112,-0.010568
2013-04-08,0.001807,0.007112
2013-04-09,0.020399,0.001807
2013-04-10,-0.003122,0.020399
2013-04-11,-0.01043,-0.003122
2013-04-12,-0.02315,-0.01043
2013-04-15,0.01522,-0.02315
2013-04-16,-0.054993,0.01522
2013-04-17,-0.026688,-0.054993
2013-04-18,-0.003877,-0.026688
2013-04-19,0.020844,-0.003877
2013-04-22,0.018712,0.020844
2013-04-23,-0.001645,0.018712
2013-04-24,0.007197,-0.001645
2013-04-25,0.02161,0.007197
2013-04-26,0.030956,0.02161
2013-04-29,0.029434,0.030956
2013-04-30,-0.007882,0.029434
2013-05-01,0.014182,-0.007882
2013-05-02,0.010011,0.014182
2013-05-03,0.023845,0.010011
2013-05-06,-0.004454,0.023845
2013-05-07,0.011298,-0.004454
2013-05-08,-0.008667,0.011298
2013-05-09,-0.008319,-0.008667
2013-05-10,0.003908,-0.008319
2013-05-13,-0.023926,0.003908
2013-05-14,-0.033817,-0.023926
2013-05-15,0.013357,-0.033817
2013-05-16,-0.003033,0.013357
2013-05-17,0.022319,-0.003033
2013-05-20,-0.007383,0.022319
2013-05-21,0.003853,-0.007383
2013-05-22,0.001781,0.003853
2013-05-23,0.006808,0.001781
2013-05-24,-0.008337,0.006808
2013-05-28,0.007954,-0.008337
2013-05-29,0.0149,0.007954
2013-05-30,-0.004086,0.0149
2013-05-31,0.00219,-0.004086
2013-06-03,-0.003128,0.00219
2013-06-04,-0.009348,-0.003128
2013-06-05,-0.01494,-0.009348
2013-06-06,0.007643,-0.01494
2013-06-07,-0.006611,0.007643
2013-06-10,-0.002939,-0.006611
2013-06-11,-0.012363,-0.002939
2013-06-12,0.008735,-0.012363
2013-06-13,-0.013568,0.008735
2013-06-14,0.004534,-0.013568
2013-06-17,-0.000532,0.004534
2013-06-18,-0.020312,-0.000532
2013-06-19,-0.014567,-0.020312
2013-06-20,-0.008008,-0.014567
2013-06-21,-0.026505,-0.008008
2013-06-24,0.000224,-0.026505
2013-06-25,-0.011326,0.000224
2013-06-26,-0.010777,-0.011326
2013-06-27,0.006984,-0.010777
2013-06-28,0.032003,0.006984
2013-07-01,0.022653,0.032003
2013-07-02,0.00552,0.022653
2013-07-03,-0.008032,0.00552
2013-07-05,-0.005678,-0.008032
2013-07-08,0.017588,-0.005678
2013-07-09,-0.003836,0.017588
2013-07-10,0.015587,-0.003836
2013-07-11,-0.001821,0.015587
2013-07-12,0.00218,-0.001821
2013-07-15,0.006445,0.00218
2013-07-16,0.000267,0.006445
2013-07-17,0.003365,0.000267
2013-07-18,-0.015768,0.003365
2013-07-19,0.0032,-0.015768
2013-07-22,-0.017171,0.0032
2013-07-23,0.051362,-0.017171
2013-07-24,-0.004563,0.051362
2013-07-25,0.005678,-0.004563
2013-07-26,0.01542,0.005678
2013-07-29,0.01235,0.01542
2013-07-30,-0.001743,0.01235
2013-07-31,0.009162,-0.001743
2013-08-01,0.012841,0.009162
2013-08-02,0.014939,0.012841
2013-08-05,-0.008947,0.014939
2013-08-06,-0.00058,-0.008947
2013-08-07,-0.001979,-0.00058
2013-08-08,-0.01423,-0.001979
2013-08-09,0.028408,-0.01423
2013-08-12,0.047522,0.028408
2013-08-13,0.01824,0.047522
2013-08-14,-0.001184,0.01824
2013-08-15,0.008877,-0.001184
2013-08-16,0.01077,0.008877
2013-08-19,-0.013137,0.01077
2013-08-20,0.002574,-0.013137
2013-08-21,0.001194,0.002574
2013-08-22,-0.003857,0.001194
2013-08-23,0.003892,-0.003857
2013-08-26,-0.02859,0.003892
2013-08-27,0.00472,-0.02859
2013-08-28,0.001638,0.00472
2013-08-29,-0.009119,0.001638
2013-08-30,0.0028,-0.009119
2013-09-03,0.020695,0.0028
2013-09-04,-0.00686,0.020695
2013-09-05,0.005956,-0.00686
2013-09-06,0.015957,0.005956
2013-09-09,-0.022779,0.015957
2013-09-10,-0.054444,-0.022779
2013-09-11,0.010648,-0.054444
2013-09-12,-0.01648,0.010648
2013-09-13,-0.031792,-0.01648
2013-09-16,0.011553,-0.031792
2013-09-17,0.020557,0.011553
2013-09-18,0.016398,0.020557
2013-09-19,-0.010354,0.016398
2013-09-20,0.049699,-0.010354
2013-09-23,-0.003139,0.049699
2013-09-24,-0.015477,-0.003139
2013-09-25,0.00974,-0.015477
2013-09-26,-0.007137,0.00974
2013-09-27,-0.012429,-0.007137
2013-09-30,0.023513,-0.012429
2013-10-01,0.003279,0.023513
2013-10-02,-0.012562,0.003279
2013-10-03,-0.000786,-0.012562
2013-10-04,0.009772,-0.000786
2013-10-07,-0.013962,0.009772
2013-10-08,0.011744,-0.013962
2013-10-09,0.006268,0.011744
2013-10-10,0.006482,0.006268
2013-10-11,0.00655,0.006482
2013-10-14,0.005322,0.00655
2013-10-15,0.004881,0.005322
2013-10-16,0.006757,0.004881
2013-10-17,0.008702,0.006757
2013-10-18,0.024508,0.008702
2013-10-21,-0.002867,0.024508
2013-10-22,0.009796,-0.002867
2013-10-23,0.013239,0.009796
2013-10-24,-0.01119,0.013239
2013-10-25,0.007449,-0.01119
2013-10-28,-0.024908,0.007449
2013-10-29,0.015905,-0.024908
2013-10-30,-0.00418,0.015905
2013-10-31,-0.005112,-0.00418
2013-11-01,0.012922,-0.005112
2013-11-04,-0.00247,0.012922
2013-11-05,-0.002815,-0.00247
2013-11-06,-0.016179,-0.002815
2013-11-07,0.015743,-0.016179
2013-11-08,-0.002905,0.015743
2013-11-11,0.001853,-0.002905
2013-11-12,0.0012,0.001853
2013-11-13,0.014455,0.0012
2013-11-14,-0.006,0.014455
2013-11-15,-0.012118,-0.006
2013-11-18,0.001776,-0.012118
2013-11-19,-0.008758,0.001776
2013-11-20,0.011915,-0.008758
2013-11-21,-0.002564,0.011915
2013-11-22,0.00758,-0.002564
2013-11-25,0.018444,0.00758
2013-11-26,0.023547,0.018444
2013-11-27,0.018518,0.023547
2013-11-29,-0.008704,0.018518
2013-12-02,0.027379,-0.008704
2013-12-03,-0.002334,0.027379
2013-12-04,0.005135,-0.002334
2013-12-05,-0.013877,0.005135
2013-12-06,0.011446,-0.013877
2013-12-09,-0.001554,0.011446
2013-12-10,-0.007409,-0.001554
2013-12-11,-0.001461,-0.007409
2013-12-12,-0.0109,-0.001461
2013-12-13,0.005537,-0.0109
2013-12-16,-0.004502,0.005537
2013-12-17,-0.007604,-0.004502
2013-12-18,-0.011457,-0.007604
2013-12-19,0.008375,-0.011457
2013-12-20,0.038377,0.008375
2013-12-23,-0.004245,0.038377
2013-12-24,-0.006641,-0.004245
2013-12-26,-0.006757,-0.006641
2013-12-27,-0.009945,-0.006757
2013-12-30,0.011722,-0.009945
2013-12-31,-0.014064,0.011722
2014-01-02,-0.021966,-0.014064
2014-01-03,0.005453,-0.021966
2014-01-06,-0.007156,0.005453
2014-01-07,0.006338,-0.007156
2014-01-08,-0.012772,0.006338
2014-01-09,-0.006671,-0.012772
2014-01-10,0.005235,-0.006671
2014-01-13,0.019898,0.005235
2014-01-14,0.020077,0.019898
2014-01-15,-0.00558,0.020077
2014-01-16,-0.024502,-0.00558
2014-01-17,0.015536,-0.024502
2014-01-21,0.004444,0.015536
2014-01-22,0.008468,0.004444
2014-01-23,-0.018178,0.008468
2014-01-24,0.008112,-0.018178
2014-01-27,-0.079927,0.008112
2014-01-28,-0.011352,-0.079927
2014-01-29,-0.001933,-0.011352
2014-01-30,0.001637,-0.001933
2014-01-31,0.001858,0.001637
2014-02-03,0.014476,0.001858
2014-02-04,0.007469,0.014476
2014-02-05,0.005794,0.007469
2014-02-06,0.01399,0.005794
2014-02-07,0.017915,0.01399
2014-02-10,0.013176,0.017915
2014-02-11,-0.000075,0.013176
2014-02-12,0.015879,-0.000075
2014-02-13,-0.000808,0.015879
2014-02-14,0.003677,-0.000808
2014-02-18,-0.015788,0.003677
2014-02-19,-0.011575,-0.015788
2014-02-20,-0.011108,-0.011575
2014-02-21,0.004379,-0.011108
2014-02-24,-0.010407,0.004379
2014-02-25,-0.009022,-0.010407
2014-02-26,0.019948,-0.009022
2014-02-27,-0.00271,0.019948
2014-02-28,0.002888,-0.00271
2014-03-03,0.006594,0.002888
2014-03-04,0.002108,0.006594
2014-03-05,-0.003024,0.002108
2014-03-06,-0.000584,-0.003024
2014-03-07,0.000905,-0.000584
2014-03-10,0.009738,0.000905
2014-03-11,0.00097,0.009738
2014-03-12,-0.011107,0.00097
2014-03-13,-0.011232,-0.011107
2014-03-14,0.003907,-0.011232
2014-03-17,0.008847,0.003907
2014-03-18,-0.000263,0.008847
2014-03-19,-0.004819,-0.000263
2014-03-20,0.007887,-0.004819
2014-03-21,0.01186,0.007887
2014-03-24,0.010757,0.01186
2014-03-25,-0.00956,0.010757
2014-03-26,-0.004298,-0.00956
2014-03-27,-0.001116,-0.004298
2014-03-28,-0.000224,-0.001116
2014-03-31,0.009148,-0.000224
2014-04-01,0.001662,0.009148
2014-04-02,-0.00693,0.001662
2014-04-03,-0.012936,-0.00693
2014-04-04,-0.015701,-0.012936
2014-04-07,-0.000057,-0.015701
2014-04-08,0.013144,-0.000057
2014-04-09,-0.012898,0.013144
2014-04-10,-0.007393,-0.012898
2014-04-11,0.003984,-0.007393
2014-04-14,-0.007131,0.003984
2014-04-15,0.002027,-0.007131
2014-04-16,0.011426,0.002027
2014-04-17,0.011868,0.011426
2014-04-21,0.000996,0.011868
2014-04-22,-0.013069,0.000996
2014-04-23,0.081982,-0.013069
2014-04-24,0.007344,0.081982
2014-04-25,0.038728,0.007344
2014-04-28,-0.002963,0.038728
2014-04-29,-0.003782,-0.002963
2014-04-30,0.002355,-0.003782
2014-05-01,0.00186,0.002355
2014-05-02,0.014142,0.00186
2014-05-05,-0.010899,0.014142
2014-05-06,-0.003499,-0.010899
2014-05-07,-0.001773,-0.003499
2014-05-08,-0.004163,-0.001773
2014-05-09,0.012446,-0.004163
2014-05-12,0.001569,0.012446
2014-05-13,0.000185,0.001569
2014-05-14,-0.008504,0.000185
2014-05-15,0.014758,-0.008504
2014-05-16,0.011849,0.014758
2014-05-19,0.000198,0.011849
2014-05-20,0.002646,0.000198
2014-05-21,0.001583,0.002646
2014-05-22,0.011296,0.001583
2014-05-23,0.018726,0.011296
2014-05-27,-0.002589,0.018726
2014-05-28,0.018221,-0.002589
2014-05-29,-0.003746,0.018221
2014-05-30,-0.006872,-0.003746
2014-06-02,0.014141,-0.006872
2014-06-03,0.011419,0.014141
2014-06-04,0.003924,0.011419
2014-06-05,-0.00275,0.003924
2014-06-06,0.016001,-0.00275
2014-06-09,0.00587,0.016001
2014-06-10,-0.004138,0.00587
2014-06-11,-0.016727,-0.004138
2014-06-12,-0.010944,-0.016727
2014-06-13,0.010079,-0.010944
2014-06-16,-0.001301,0.010079
2014-06-17,0.001086,-0.001301
2014-06-18,-0.003471,0.001086
2014-06-19,-0.010342,-0.003471
2014-06-20,-0.00088,-0.010342
2014-06-23,-0.006055,-0.00088
2014-06-24,0.000886,-0.006055
2014-06-25,0.005976,0.000886
2014-06-26,0.011881,0.005976
2014-06-27,0.010328,0.011881
2014-06-30,0.006349,0.010328
2014-07-01,-0.000428,0.006349
2014-07-02,0.005884,-0.000428
2014-07-03,0.02061,0.005884
2014-07-07,-0.00644,0.02061
2014-07-08,0.00042,-0.00644
2014-07-09,-0.003722,0.00042
2014-07-10,0.001947,-0.003722
2014-07-11,0.012917,0.001947
2014-07-14,-0.011716,0.012917
2014-07-15,-0.005665,-0.011716
2014-07-16,-0.017832,-0.005665
2014-07-17,0.014396,-0.017832
2014-07-18,-0.0052,0.014396
2014-07-21,0.008314,-0.0052
2014-07-22,0.026077,0.008314
2014-07-23,-0.001646,0.026077
2014-07-24,0.006606,-0.001646
2014-07-25,0.013812,0.006606
2014-07-28,-0.006463,0.013812
2014-07-29,-0.002338,-0.006463
2014-07-30,-0.025981,-0.002338
2014-07-31,0.005544,-0.025981
2014-08-01,-0.005617,0.005544
2014-08-04,-0.004917,-0.005617
2014-08-05,-0.001682,-0.004917
2014-08-06,-0.000105,-0.001682
2014-08-07,0.002752,-0.000105
2014-08-08,0.013194,0.002752
2014-08-11,-0.000208,0.013194
2014-08-12,0.013233,-0.000208
2014-08-13,0.002674,0.013233
2014-08-14,0.004923,0.002674
2014-08-15,0.012043,0.004923
2014-08-18,0.013816,0.012043
2014-08-19,0.000398,0.013816
2014-08-20,0.000099,0.000398
2014-08-21,0.007357,0.000099
2014-08-22,0.002171,0.007357
2014-08-25,-0.006411,0.002171
2014-08-26,0.012301,-0.006411
2014-08-27,0.001175,0.012301
2014-08-28,0.002445,0.001175
2014-08-29,0.007805,0.002445
2014-09-02,-0.042207,0.007805
2014-09-03,-0.008288,-0.042207
2014-09-04,0.008663,-0.008288
2014-09-05,-0.006163,0.008663
2014-09-08,-0.003762,-0.006163
2014-09-09,0.030717,-0.003762
2014-09-10,0.004257,0.030717
2014-09-11,0.002268,0.004257
2014-09-12,-0.000295,0.002268
2014-09-15,-0.007576,-0.000295
2014-09-16,0.007139,-0.007576
2014-09-17,0.002067,0.007139
2014-09-18,-0.008154,0.002067
2014-09-19,0.00099,-0.008154
2014-09-22,0.015634,0.00099
2014-09-23,-0.008671,0.015634
2014-09-24,-0.038133,-0.008671
2014-09-25,0.029427,-0.038133
2014-09-26,-0.006352,0.029427
2014-09-29,0.006393,-0.006352
2014-09-30,-0.015583,0.006393
2014-10-01,0.00726,-0.015583
2014-10-02,-0.002803,0.00726
2014-10-03,0,-0.002803
2014-10-06,-0.008733,0
2014-10-07,0.02076,-0.008733
2014-10-08,0.002182,0.02076
2014-10-09,-0.002871,0.002182
2014-10-10,-0.009133,-0.002871
2014-10-13,-0.01062,-0.009133
2014-10-14,-0.012253,-0.01062
2014-10-15,-0.013123,-0.012253
2014-10-16,0.014648,-0.013123
2014-10-17,0.021399,0.014648
2014-10-20,0.027165,0.021399
2014-10-21,0.005075,0.027165
2014-10-22,0.017866,0.005075
2014-10-23,0.00372,0.017866
2014-10-24,-0.001045,0.00372
2014-10-27,0.015508,-0.001045
2014-10-28,0.005621,0.015508
2014-10-29,-0.003354,0.005621
2014-10-30,0.009534,-0.003354
2014-10-31,0.012963,0.009534
2014-11-03,-0.007313,0.012963
2014-11-04,0.002394,-0.007313
2014-11-05,0.002848,0.002394
2014-11-06,0.002852,0.002848
2014-11-07,-0.001651,0.002852
2014-11-10,0.007994,-0.001651
2014-11-11,0.014129,0.007994
2014-11-12,0.014112,0.014129
2014-11-13,0.012055,0.014112
2014-11-14,-0.001664,0.012055
2014-11-17,0.012984,-0.001664
2014-11-18,-0.006928,0.012984
2014-11-19,0.014302,-0.006928
2014-11-20,0.001376,0.014302
2014-11-21,0.018503,0.001376
2014-11-24,-0.008641,0.018503
2014-11-25,0.011905,-0.008641
2014-11-26,-0.000588,0.011905
2014-11-28,-0.032456,-0.000588
2014-12-01,-0.003824,-0.032456
2014-12-02,0.011341,-0.003824
2014-12-03,-0.003795,0.011341
2014-12-04,-0.004243,-0.003795
2014-12-05,-0.022609,-0.004243
2014-12-08,0.015303,-0.022609
2014-12-09,-0.019015,0.015303
2014-12-10,-0.002948,-0.019015
2014-12-11,-0.016932,-0.002948
2014-12-12,-0.013716,-0.016932
2014-12-15,-0.013675,-0.013716
2014-12-16,0.024966,-0.013675
2014-12-17,0.029613,0.024966
2014-12-18,-0.007723,0.029613
2014-12-19,0.010378,-0.007723
2014-12-22,-0.003542,0.010378
2014-12-23,-0.004709,-0.003542
2014-12-24,0.017677,-0.004709
2014-12-26,-0.000702,0.017677
2014-12-29,-0.012203,-0.000702
2014-12-30,-0.019019,-0.012203
2014-12-31,-0.009513,-0.019019
2015-01-02,-0.028172,-0.009513
2015-01-05,0.000094,-0.028172
2015-01-06,0.014022,0.000094
2015-01-07,0.038422,0.014022
2015-01-08,0.001073,0.038422
2015-01-09,-0.024641,0.001073
2015-01-12,0.008879,-0.024641
2015-01-13,-0.003811,0.008879
2015-01-14,-0.02714,-0.003811
2015-01-15,-0.00777,-0.02714
2015-01-16,0.025757,-0.00777
2015-01-20,0.007634,0.025757
2015-01-21,0.026016,0.007634
2015-01-22,0.00516,0.026016
2015-01-23,0.001062,0.00516
2015-01-26,-0.035013,0.001062
2015-01-27,0.056533,-0.035013
2015-01-28,0.031134,0.056533
2015-01-29,-0.014634,0.031134
2015-01-30,0.012547,-0.014634
2015-02-02,0.000169,0.012547
2015-02-03,0.00767,0.000169
2015-02-04,0.007109,0.00767
2015-02-05,-0.008421,0.007109
2015-02-06,0.006643,-0.008421
2015-02-09,0.019211,0.006643
2015-02-10,0.023439,0.019211
2015-02-11,0.012652,0.023439
2015-02-12,0.004903,0.012652
2015-02-13,0.005902,0.004903
2015-02-17,0.006923,0.005902
2015-02-18,-0.002059,0.006923
2015-02-19,0.008135,-0.002059
2015-02-20,0.027067,0.008135
2015-02-23,-0.006241,0.027067
2015-02-24,-0.025573,-0.006241
2015-02-25,0.012617,-0.025573
2015-02-26,-0.014991,0.012617
2015-02-27,0.004904,-0.014991
2015-03-02,0.002092,0.004904
2015-03-03,-0.006339,0.002092
2015-03-04,-0.016571,-0.006339
2015-03-05,0.001503,-0.016571
2015-03-06,0.004265,0.001503
2015-03-09,-0.020686,0.004265
2015-03-10,-0.018232,-0.020686
2015-03-11,0.018079,-0.018232
2015-03-12,-0.00691,0.018079
2015-03-13,0.011004,-0.00691
2015-03-16,0.016727,0.011004
2015-03-17,0.011256,0.016727
2015-03-18,-0.007589,0.011256
2015-03-19,-0.01251,-0.007589
2015-03-20,0.010405,-0.01251
2015-03-23,-0.004088,0.010405
2015-03-24,-0.026127,-0.004088
2015-03-25,0.00697,-0.026127
2015-03-26,-0.007968,0.00697
2015-03-27,0.025314,-0.007968
2015-03-30,-0.015352,0.025314
2015-03-31,-0.001447,-0.015352
2015-04-01,0.008612,-0.001447
2015-04-02,0.016199,0.008612
2015-04-06,-0.010522,0.016199
2015-04-07,-0.003254,-0.010522
2015-04-08,0.007643,-0.003254
2015-04-09,0.004267,0.007643
2015-04-10,-0.001967,0.004267
2015-04-13,-0.004336,-0.001967
2015-04-14,0.0038,-0.004336
2015-04-15,-0.004811,0.0038
2015-04-16,-0.011255,-0.004811
2015-04-17,0.022846,-0.011255
2015-04-20,-0.005407,0.022846
2015-04-21,0.013474,-0.005407
2015-04-22,0.008164,0.013474
2015-04-23,0.004704,0.008164
2015-04-24,0.018192,0.004704
2015-04-27,-0.015756,0.018192
2015-04-28,-0.014706,-0.015756
2015-04-29,-0.02713,-0.014706
2015-04-30,0.030364,-0.02713
2015-05-01,-0.001939,0.030364
2015-05-04,-0.022533,-0.001939
2015-05-05,-0.00628,-0.022533
2015-05-06,0.00616,-0.00628
2015-05-07,0.018841,0.00616
2015-05-08,-0.010187,0.018841
2015-05-11,-0.003602,-0.010187
2015-05-12,0.001152,-0.003602
2015-05-13,0.023331,0.001152
2015-05-14,-0.001396,0.023331
2015-05-15,0.011027,-0.001396
2015-05-18,-0.000922,0.011027
2015-05-19,-0.000077,-0.000922
2015-05-20,0.010226,-0.000077
2015-05-21,0.008753,0.010226
2015-05-22,-0.022031,0.008753
2015-05-26,0.018709,-0.022031
2015-05-27,-0.002007,0.018709
2015-05-28,-0.011383,-0.002007
2015-05-29,0.001957,-0.011383
2015-06-01,-0.004405,0.001957
2015-06-02,0.001231,-0.004405
2015-06-03,-0.005841,0.001231
2015-06-04,-0.005489,-0.005841
2015-06-05,-0.006607,-0.005489
2015-06-08,-0.002973,-0.006607
2015-06-09,0.011458,-0.002973
2015-06-10,-0.00225,0.011458
2015-06-11,-0.011043,-0.00225
2015-06-12,-0.001966,-0.011043
2015-06-15,0.005358,-0.001966
2015-06-16,-0.002351,0.005358
2015-06-17,0.004556,-0.002351
2015-06-18,-0.010009,0.004556
2015-06-19,0.007978,-0.010009
2015-06-22,-0.004545,0.007978
2015-06-23,0.008502,-0.004545
2015-06-24,-0.004762,0.008502
2015-06-25,-0.005882,-0.004762
2015-06-26,-0.017515,-0.005882
2015-06-29,0.007187,-0.017515
2015-06-30,0.009368,0.007187
2015-07-01,-0.001264,0.009368
2015-07-02,-0.00348,-0.001264
2015-07-06,-0.00246,-0.00348
2015-07-07,-0.024823,-0.00246
2015-07-08,-0.020397,-0.024823
2015-07-09,0.026734,-0.020397
2015-07-10,0.019306,0.026734
2015-07-13,-0.000398,0.019306
2015-07-14,0.009633,-0.000398
2015-07-15,0.013326,0.009633
2015-07-16,0.008637,0.013326
2015-07-17,0.018901,0.008637
2015-07-20,-0.009995,0.018901
2015-07-21,-0.042294,-0.009995
2015-07-22,-0.000479,-0.042294
2015-07-23,-0.005273,-0.000479
2015-07-24,-0.013896,-0.005273
2015-07-27,0.004969,-0.013896
2015-07-28,-0.003161,0.004969
2015-07-29,-0.005041,-0.003161
2015-07-30,-0.008744,-0.005041
2015-07-31,-0.023578,-0.008744
2015-08-03,-0.032084,-0.023578
2015-08-04,0.006629,-0.032084
2015-08-05,0.002166,0.006629
2015-08-06,0.003387,0.002166
2015-08-07,0.036357,0.003387
2015-08-10,-0.052038,0.036357
2015-08-11,0.01542,-0.052038
2015-08-12,-0.000781,0.01542
2015-08-13,0.007034,-0.000781
2015-08-14,0.010348,0.007034
2015-08-17,-0.005633,0.010348
2015-08-18,-0.01279,-0.005633
2015-08-19,-0.02052,-0.01279
2015-08-20,-0.061163,-0.02052
2015-08-21,-0.024962,-0.061163
2015-08-24,0.006012,-0.024962
2015-08-25,0.057355,0.006012
2015-08-26,0.029447,0.057355
2015-08-27,0.003277,0.029447
2015-08-28,-0.004678,0.003277
2015-08-31,-0.044697,-0.004678
2015-09-01,0.042889,-0.044697
2015-09-02,-0.017536,0.042889
2015-09-03,-0.009967,-0.017536
2015-09-04,0.027821,-0.009967
2015-09-08,-0.019232,0.027821
2015-09-09,0.02197,-0.019232
2015-09-10,0.014569,0.02197
2015-09-11,0.009631,0.014569
2015-09-14,0.008412,0.009631
2015-09-15,0.001118,0.008412
2015-09-16,-0.02139,0.001118
2015-09-17,-0.004126,-0.02139
2015-09-18,0.015513,-0.004126
2015-09-21,-0.01571,0.015513
2015-09-22,0.008113,-0.01571
2015-09-23,0.005948,0.008113
2015-09-24,-0.002522,0.005948
2015-09-25,-0.019789,-0.002522
2015-09-28,-0.030061,-0.019789
2015-09-29,0.01137,-0.030061
2015-09-30,-0.006528,0.01137
2015-10-01,0.007301,-0.006528
2015-10-02,0.003624,0.007301
2015-10-05,0.004784,0.003624
2015-10-06,-0.004761,0.004784
2015-10-07,-0.011554,-0.004761
2015-10-08,0.023927,-0.011554
2015-10-09,-0.004638,0.023927
2015-10-12,0.001703,-0.004638
2015-10-13,-0.014134,0.001703
2015-10-14,0.014971,-0.014134
2015-10-15,-0.007331,0.014971
2015-10-16,0.006214,-0.007331
2015-10-19,0.018258,0.006214
2015-10-20,-0.000088,0.018258
2015-10-21,0.015295,-0.000088
2015-10-22,0.030996,0.015295
2015-10-23,-0.031911,0.030996
2015-10-26,-0.006332,-0.031911
2015-10-27,0.041205,-0.006332
2015-10-28,0.010564,0.041205
2015-10-29,-0.008546,0.010564
2015-10-30,0.014059,-0.008546
2015-11-02,0.011471,0.014059
2015-11-03,-0.00465,0.011471
2015-11-04,-0.00459,-0.00465
2015-11-05,0.001158,-0.00459
2015-11-06,-0.004048,0.001158
2015-11-09,-0.031517,-0.004048
2015-11-10,-0.005652,-0.031517
2015-11-11,-0.003359,-0.005652
2015-11-12,-0.029208,-0.003359
2015-11-13,0.016334,-0.029208
2015-11-16,-0.004248,0.016334
2015-11-17,0.031665,-0.004248
2015-11-18,0.012704,0.031665
2015-11-19,0.004378,0.012704
2015-11-20,-0.012992,0.004378
2015-11-23,0.009597,-0.012992
2015-11-24,-0.00715,0.009597
2015-11-25,-0.001864,-0.00715
2015-11-27,0.004159,-0.001864
2015-11-30,-0.008115,0.004159
2015-12-01,-0.009034,-0.008115
2015-12-02,-0.009288,-0.009034
2015-12-03,0.033247,-0.009288
2015-12-04,-0.006301,0.033247
2015-12-07,-0.000423,-0.006301
2015-12-08,-0.022076,-0.000423
2015-12-09,0.004757,-0.022076
2015-12-10,-0.025738,0.004757
2015-12-11,-0.006185,-0.025738
2015-12-14,-0.017692,-0.006185
2015-12-15,0.007693,-0.017692
2015-12-16,-0.021196,0.007693
2015-12-17,-0.027069,-0.021196
2015-12-18,0.012261,-0.027069
2015-12-21,-0.000932,0.012261
2015-12-22,0.01287,-0.000932
2015-12-23,-0.00534,0.01287
2015-12-24,-0.011201,-0.00534
2015-12-28,0.017974,-0.011201
2015-12-29,-0.013059,0.017974
2015-12-30,-0.019195,-0.013059
2015-12-31,0.000855,-0.019195
2016-01-04,-0.025059,0.000855
2016-01-05,-0.01957,-0.025059
2016-01-06,-0.042205,-0.01957
2016-01-07,0.005288,-0.042205
2016-01-08,0.016192,0.005288
2016-01-11,0.014513,0.016192
2016-01-12,-0.02571,0.014513
2016-01-13,0.021871,-0.02571
2016-01-14,-0.024015,0.021871
2016-01-15,-0.004839,-0.024015
2016-01-19,0.001345,-0.004839
2016-01-20,-0.005062,0.001345
2016-01-21,0.053167,-0.005062
2016-01-22,-0.019523,0.053167
2016-01-25,0.005531,-0.019523
2016-01-26,-0.065707,0.005531
2016-01-27,0.007172,-0.065707
2016-01-28,0.034541,0.007172
2016-01-29,-0.009349,0.034541
2016-02-01,-0.020222,-0.009349
2016-02-02,0.019792,-0.020222
2016-02-03,0.007992,0.019792
2016-02-04,-0.026708,0.007992
2016-02-05,0.01053,-0.026708
2016-02-08,-0.000211,0.01053
2016-02-09,-0.00758,-0.000211
2016-02-10,-0.006046,-0.00758
2016-02-11,0.003095,-0.006046
2016-02-12,0.028195,0.003095
2016-02-16,0.015315,0.028195
2016-02-17,-0.018956,0.015315
2016-02-18,-0.002285,-0.018956
2016-02-19,0.008746,-0.002285
2016-02-22,-0.022605,0.008746
2016-02-23,0.014891,-0.022605
2016-02-24,0.006868,0.014891
2016-02-25,0.00155,0.006868
2016-02-26,-0.00227,0.00155
2016-02-29,0.039715,-0.00227
2016-03-01,0.002188,0.039715
2016-03-02,0.007444,0.002188
2016-03-03,0.014877,0.007444
2016-03-04,-0.011067,0.014877
2016-03-07,-0.008246,-0.011067
2016-03-08,0.000891,-0.008246
2016-03-09,0.000494,0.000891
2016-03-10,0.010774,0.000494
2016-03-11,0.002542,0.010774
2016-03-14,0.020094,0.002542
2016-03-15,0.013291,0.020094
2016-03-16,-0.001604,0.013291
2016-03-17,0.001134,-0.001604
2016-03-18,-0.000094,0.001134
2016-03-21,0.007648,-0.000094
2016-03-22,-0.005529,0.007648
2016-03-23,-0.004334,-0.005529
2016-03-24,-0.004542,-0.004334
2016-03-28,0.023671,-0.004542
2016-03-29,0.017459,0.023671
2016-03-30,-0.005203,0.017459
2016-03-31,0.009175,-0.005203
2016-04-01,0.010274,0.009175
2016-04-04,-0.011789,0.010274
2016-04-05,0.010473,-0.011789
2016-04-06,-0.02181,0.010473
2016-04-07,0.001106,-0.02181
2016-04-08,0.003313,0.001106
2016-04-11,0.013025,0.003313
2016-04-12,0.014487,0.013025
2016-04-13,0.000536,0.014487
2016-04-14,-0.020071,0.000536
2016-04-15,-0.021575,-0.020071
2016-04-18,-0.005303,-0.021575
2016-04-19,0.002058,-0.005303
2016-04-20,-0.010828,0.002058
2016-04-21,-0.002737,-0.010828
2016-04-22,-0.005678,-0.002737
2016-04-25,-0.006947,-0.005678
2016-04-26,-0.062578,-0.006947
2016-04-27,-0.030566,-0.062578
2016-04-28,-0.011494,-0.030566
2016-04-29,-0.001067,-0.011494
2016-05-02,0.016446,-0.001067
2016-05-03,-0.010401,0.016446
2016-05-04,-0.004034,-0.010401
2016-05-05,-0.005577,-0.004034
2016-05-06,0.000755,-0.005577
2016-05-09,0.006789,0.000755
2016-05-10,-0.009741,0.006789
2016-05-11,-0.023457,-0.009741
2016-05-12,0.001992,-0.023457
2016-05-13,0.037119,0.001992
2016-05-16,-0.004154,0.037119
2016-05-17,0.011445,-0.004154
2016-05-18,-0.003807,0.011445
2016-05-19,0.010828,-0.003807
2016-05-20,0.012707,0.010828
2016-05-23,0.015244,0.012707
2016-05-24,0.017569,0.015244
2016-05-25,0.00793,0.017569
2016-05-26,-0.000598,0.00793
2016-05-27,-0.004883,-0.000598
2016-05-31,-0.01402,-0.004883
2016-06-01,-0.007516,-0.01402
2016-06-02,0.002047,-0.007516
2016-06-03,0.007251,0.002047
2016-06-06,0.004056,0.007251
2016-06-07,-0.000909,0.004056
2016-06-08,0.007176,-0.000909
2016-06-09,-0.008229,0.007176
2016-06-10,-0.015076,-0.008229
2016-06-13,0.001233,-0.015076
2016-06-14,-0.003283,0.001233
2016-06-15,0.004221,-0.003283
2016-06-16,-0.022758,0.004221
2016-06-17,-0.002413,-0.022758
2016-06-20,0.008517,-0.002413
2016-06-21,-0.003754,0.008517
2016-06-22,0.005756,-0.003754
2016-06-23,-0.028096,0.005756
2016-06-24,-0.014561,-0.028096
2016-06-27,0.01684,-0.014561
2016-06-28,0.008655,0.01684
2016-06-29,0.012712,0.008655
2016-06-30,0.003033,0.012712
2016-07-01,-0.009386,0.003033
2016-07-05,0.005685,-0.009386
2016-07-06,0.004292,0.005685
2016-07-07,0.007713,0.004292
2016-07-08,0.003103,0.007713
2016-07-11,0.004537,0.003103
2016-07-12,-0.005646,0.004537
2016-07-13,0.01982,-0.005646
2016-07-14,-0.000101,0.01982
2016-07-15,0.01063,-0.000101
2016-07-18,0.000401,0.01063
2016-07-19,0.000901,0.000401
2016-07-20,-0.005302,0.000901
2016-07-21,-0.007744,-0.005302
2016-07-22,-0.013379,-0.007744
2016-07-25,-0.006883,-0.013379
2016-07-26,0.064963,-0.006883
2016-07-27,0.013502,0.064963
2016-07-28,-0.001246,0.013502
2016-07-29,0.017657,-0.001246
2016-08-01,-0.014804,0.017657
2016-08-02,0.012538,-0.014804
2016-08-03,0.006144,0.012538
2016-08-04,0.015207,0.006144
2016-08-05,0.008281,0.015207
2016-08-08,0.00406,0.008281
2016-08-09,-0.007444,0.00406
2016-08-10,-0.000648,-0.007444
2016-08-11,0.002316,-0.000648
2016-08-12,0.012017,0.002316
2016-08-15,-0.000913,0.012017
2016-08-16,-0.001463,-0.000913
2016-08-17,-0.001282,-0.001463
2016-08-18,0.002567,-0.001282
2016-08-19,-0.007772,0.002567
2016-08-22,0.003133,-0.007772
2016-08-23,-0.007533,0.003133
2016-08-24,-0.004258,-0.007533
2016-08-25,-0.005857,-0.004258
2016-08-26,-0.001122,-0.005857
2016-08-29,-0.007676,-0.001122
2016-08-30,0.000943,-0.007676
2016-08-31,0.005938,0.000943
2016-09-01,0.009369,0.005938
2016-09-02,-0.000279,0.009369
2016-09-06,0.006128,-0.000279
2016-09-07,-0.026209,0.006128
2016-09-08,-0.02265,-0.026209
2016-09-09,0.022399,-0.02265
2016-09-12,0.023805,0.022399
2016-09-13,0.035387,0.023805
2016-09-14,0.033998,0.035387
2016-09-15,-0.005624,0.033998
2016-09-16,-0.01166,-0.005624
2016-09-19,-0.000088,-0.01166
2016-09-20,-0.000176,-0.000088
2016-09-21,0.009423,-0.000176
2016-09-22,-0.016664,0.009423
2016-09-23,0.001508,-0.016664
2016-09-26,0.00186,0.001508
2016-09-27,0.007605,0.00186
2016-09-28,-0.015533,0.007605
2016-09-29,0.007755,-0.015533
2016-09-30,-0.004688,0.007755
2016-10-03,0.004266,-0.004688
2016-10-04,0.000443,0.004266
2016-10-05,0.00743,0.000443
2016-10-06,0.001493,0.00743
2016-10-07,0.017447,0.001493
2016-10-10,0.002154,0.017447
2016-10-11,0.008942,0.002154
2016-10-12,-0.003068,0.008942
2016-10-13,0.005556,-0.003068
2016-10-14,-0.00068,0.005556
2016-10-17,-0.000681,-0.00068
2016-10-18,-0.002979,-0.000681
2016-10-19,-0.000512,-0.002979
2016-10-20,-0.00393,-0.000512
2016-10-21,0.009005,-0.00393
2016-10-24,0.0051,0.009005
2016-10-25,-0.022495,0.0051
2016-10-26,-0.009603,-0.022495
2016-10-27,-0.006639,-0.009603
2016-10-28,-0.001583,-0.006639
2016-10-31,-0.018055,-0.001583
2016-11-01,0.000897,-0.018055
2016-11-02,-0.010664,0.000897
2016-11-03,-0.009014,-0.010664
2016-11-04,0.014425,-0.009014
2016-11-07,0.005887,0.014425
2016-11-08,-0.001621,0.005887
2016-11-09,-0.027868,-0.001621
2016-11-10,0.005937,-0.027868
2016-11-11,-0.025085,0.005937
2016-11-14,0.013244,-0.025085
2016-11-15,0.026888,0.013244
2016-11-16,-0.000364,0.026888
2016-11-17,0.001,-0.000364
2016-11-18,0.015174,0.001
2016-11-21,0.000627,0.015174
2016-11-22,-0.005098,0.000627
2016-11-23,0.005035,-0.005098
2016-11-25,-0.001968,0.005035
2016-11-28,-0.000986,-0.001968
2016-11-29,-0.008434,-0.000986
2016-11-30,-0.00932,-0.008434
2016-12-01,0.003745,-0.00932
2016-12-02,-0.007188,0.003745
2016-12-05,0.007699,-0.007188
2016-12-06,0.009823,0.007699
2016-12-07,0.009817,0.009823
2016-12-08,0.016322,0.009817
2016-12-09,-0.005704,0.016322
2016-12-12,0.016681,-0.005704
2016-12-13,0,0.016681
2016-12-14,0.005469,0
2016-12-15,0.001295,0.005469
2016-12-16,0.005777,0.001295
2016-12-19,0.002658,0.005777
2016-12-20,0.000941,0.002658
2016-12-21,-0.006578,0.000941
2016-12-22,0.001978,-0.006578
2016-12-23,0.006351,0.001978
2016-12-27,-0.004264,0.006351
2016-12-28,-0.000257,-0.004264
2016-12-29,-0.007796,-0.000257